route,kind,area,expected_role,dynamic,linked,build_result,runtime_result,reason,evidence,source
"/","page","Public marketing / portal","anonymous or route-specific","false","not exhaustively resolved","pass","blocked","No pre-existing controlled identity/browser matrix supplied; audit forbids provisioning or external mutation","npm run build (273 static pages generated; route emitted)","src/app/(marketing)/page.tsx"
"/about","page","Public marketing / portal","anonymous or route-specific","false","not exhaustively resolved","pass","blocked","No pre-existing controlled identity/browser matrix supplied; audit forbids provisioning or external mutation","npm run build (273 static pages generated; route emitted)","src/app/(marketing)/about/page.tsx"
"/admin","page","Admin","admin","false","not exhaustively resolved","pass","blocked","No pre-existing controlled identity/browser matrix supplied; audit forbids provisioning or external mutation","npm run build (273 static pages generated; route emitted)","src/app/(admin)/admin/page.tsx"
"/admin/activations","page","Admin","admin","false","not exhaustively resolved","pass","blocked","No pre-existing controlled identity/browser matrix supplied; audit forbids provisioning or external mutation","npm run build (273 static pages generated; route emitted)","src/app/(admin)/admin/activations/page.tsx"
"/admin/activations/[customerAccountId]","page","Admin","admin","true","not exhaustively resolved","pass","blocked","No pre-existing controlled identity/browser matrix supplied; audit forbids provisioning or external mutation","npm run build (273 static pages generated; route emitted)","src/app/(admin)/admin/activations/[customerAccountId]/page.tsx"
"/admin/audit","page","Admin","admin","false","not exhaustively resolved","pass","blocked","No pre-existing controlled identity/browser matrix supplied; audit forbids provisioning or external mutation","npm run build (273 static pages generated; route emitted)","src/app/(admin)/admin/audit/page.tsx"
"/admin/commerce","page","Admin","admin","false","not exhaustively resolved","pass","blocked","No pre-existing controlled identity/browser matrix supplied; audit forbids provisioning or external mutation","npm run build (273 static pages generated; route emitted)","src/app/(admin)/admin/commerce/page.tsx"
"/admin/commerce/catalog","page","Admin","admin","false","not exhaustively resolved","pass","blocked","No pre-existing controlled identity/browser matrix supplied; audit forbids provisioning or external mutation","npm run build (273 static pages generated; route emitted)","src/app/(admin)/admin/commerce/catalog/page.tsx"
"/admin/commerce/entitlements","page","Admin","admin","false","not exhaustively resolved","pass","blocked","No pre-existing controlled identity/browser matrix supplied; audit forbids provisioning or external mutation","npm run build (273 static pages generated; route emitted)","src/app/(admin)/admin/commerce/entitlements/page.tsx"
"/admin/commerce/fulfillment","page","Admin","admin","false","not exhaustively resolved","pass","blocked","No pre-existing controlled identity/browser matrix supplied; audit forbids provisioning or external mutation","npm run build (273 static pages generated; route emitted)","src/app/(admin)/admin/commerce/fulfillment/page.tsx"
"/admin/commerce/health","page","Admin","admin","false","not exhaustively resolved","pass","blocked","No pre-existing controlled identity/browser matrix supplied; audit forbids provisioning or external mutation","npm run build (273 static pages generated; route emitted)","src/app/(admin)/admin/commerce/health/page.tsx"
"/admin/commerce/invoices","page","Admin","admin","false","not exhaustively resolved","pass","blocked","No pre-existing controlled identity/browser matrix supplied; audit forbids provisioning or external mutation","npm run build (273 static pages generated; route emitted)","src/app/(admin)/admin/commerce/invoices/page.tsx"
"/admin/commerce/orders","page","Admin","admin","false","not exhaustively resolved","pass","blocked","No pre-existing controlled identity/browser matrix supplied; audit forbids provisioning or external mutation","npm run build (273 static pages generated; route emitted)","src/app/(admin)/admin/commerce/orders/page.tsx"
"/admin/commerce/orders/[orderId]","page","Admin","admin","true","not exhaustively resolved","pass","blocked","No pre-existing controlled identity/browser matrix supplied; audit forbids provisioning or external mutation","npm run build (273 static pages generated; route emitted)","src/app/(admin)/admin/commerce/orders/[orderId]/page.tsx"
"/admin/commerce/payments","page","Admin","admin","false","not exhaustively resolved","pass","blocked","No pre-existing controlled identity/browser matrix supplied; audit forbids provisioning or external mutation","npm run build (273 static pages generated; route emitted)","src/app/(admin)/admin/commerce/payments/page.tsx"
"/admin/commerce/products/[id]","page","Admin","admin","true","not exhaustively resolved","pass","blocked","No pre-existing controlled identity/browser matrix supplied; audit forbids provisioning or external mutation","npm run build (273 static pages generated; route emitted)","src/app/(admin)/admin/commerce/products/[id]/page.tsx"
"/admin/commerce/subscriptions","page","Admin","admin","false","not exhaustively resolved","pass","blocked","No pre-existing controlled identity/browser matrix supplied; audit forbids provisioning or external mutation","npm run build (273 static pages generated; route emitted)","src/app/(admin)/admin/commerce/subscriptions/page.tsx"
"/admin/commerce/webhooks","page","Admin","admin","false","not exhaustively resolved","pass","blocked","No pre-existing controlled identity/browser matrix supplied; audit forbids provisioning or external mutation","npm run build (273 static pages generated; route emitted)","src/app/(admin)/admin/commerce/webhooks/page.tsx"
"/admin/customers","page","Admin","admin","false","not exhaustively resolved","pass","blocked","No pre-existing controlled identity/browser matrix supplied; audit forbids provisioning or external mutation","npm run build (273 static pages generated; route emitted)","src/app/(admin)/admin/customers/page.tsx"
"/admin/furnishing","page","Admin","admin","false","not exhaustively resolved","pass","blocked","No pre-existing controlled identity/browser matrix supplied; audit forbids provisioning or external mutation","npm run build (273 static pages generated; route emitted)","src/app/(admin)/admin/furnishing/page.tsx"
"/admin/furnishing/installation","page","Admin","admin","false","not exhaustively resolved","pass","blocked","No pre-existing controlled identity/browser matrix supplied; audit forbids provisioning or external mutation","npm run build (273 static pages generated; route emitted)","src/app/(admin)/admin/furnishing/installation/page.tsx"
"/admin/furnishing/packages","page","Admin","admin","false","not exhaustively resolved","pass","blocked","No pre-existing controlled identity/browser matrix supplied; audit forbids provisioning or external mutation","npm run build (273 static pages generated; route emitted)","src/app/(admin)/admin/furnishing/packages/page.tsx"
"/admin/furnishing/packages/[packageId]","page","Admin","admin","true","not exhaustively resolved","pass","blocked","No pre-existing controlled identity/browser matrix supplied; audit forbids provisioning or external mutation","npm run build (273 static pages generated; route emitted)","src/app/(admin)/admin/furnishing/packages/[packageId]/page.tsx"
"/admin/furnishing/packages/import","page","Admin","admin","false","not exhaustively resolved","pass","blocked","No pre-existing controlled identity/browser matrix supplied; audit forbids provisioning or external mutation","npm run build (273 static pages generated; route emitted)","src/app/(admin)/admin/furnishing/packages/import/page.tsx"
"/admin/furnishing/packages/import/[importId]","page","Admin","admin","true","not exhaustively resolved","pass","blocked","No pre-existing controlled identity/browser matrix supplied; audit forbids provisioning or external mutation","npm run build (273 static pages generated; route emitted)","src/app/(admin)/admin/furnishing/packages/import/[importId]/page.tsx"
"/admin/furnishing/packages/new","page","Admin","admin","false","not exhaustively resolved","pass","blocked","No pre-existing controlled identity/browser matrix supplied; audit forbids provisioning or external mutation","npm run build (273 static pages generated; route emitted)","src/app/(admin)/admin/furnishing/packages/new/page.tsx"
"/admin/furnishing/packages/requirements","page","Admin","admin","false","not exhaustively resolved","pass","blocked","No pre-existing controlled identity/browser matrix supplied; audit forbids provisioning or external mutation","npm run build (273 static pages generated; route emitted)","src/app/(admin)/admin/furnishing/packages/requirements/page.tsx"
"/admin/furnishing/packages/rooms","page","Admin","admin","false","not exhaustively resolved","pass","blocked","No pre-existing controlled identity/browser matrix supplied; audit forbids provisioning or external mutation","npm run build (273 static pages generated; route emitted)","src/app/(admin)/admin/furnishing/packages/rooms/page.tsx"
"/admin/furnishing/packages/rooms/[packageId]","page","Admin","admin","true","not exhaustively resolved","pass","blocked","No pre-existing controlled identity/browser matrix supplied; audit forbids provisioning or external mutation","npm run build (273 static pages generated; route emitted)","src/app/(admin)/admin/furnishing/packages/rooms/[packageId]/page.tsx"
"/admin/furnishing/packages/rooms/new","page","Admin","admin","false","not exhaustively resolved","pass","blocked","No pre-existing controlled identity/browser matrix supplied; audit forbids provisioning or external mutation","npm run build (273 static pages generated; route emitted)","src/app/(admin)/admin/furnishing/packages/rooms/new/page.tsx"
"/admin/furnishing/packages/rules","page","Admin","admin","false","not exhaustively resolved","pass","blocked","No pre-existing controlled identity/browser matrix supplied; audit forbids provisioning or external mutation","npm run build (273 static pages generated; route emitted)","src/app/(admin)/admin/furnishing/packages/rules/page.tsx"
"/admin/furnishing/procurement","page","Admin","admin","false","not exhaustively resolved","pass","blocked","No pre-existing controlled identity/browser matrix supplied; audit forbids provisioning or external mutation","npm run build (273 static pages generated; route emitted)","src/app/(admin)/admin/furnishing/procurement/page.tsx"
"/admin/furnishing/products","page","Admin","admin","false","not exhaustively resolved","pass","blocked","No pre-existing controlled identity/browser matrix supplied; audit forbids provisioning or external mutation","npm run build (273 static pages generated; route emitted)","src/app/(admin)/admin/furnishing/products/page.tsx"
"/admin/furnishing/products/[productId]","page","Admin","admin","true","not exhaustively resolved","pass","blocked","No pre-existing controlled identity/browser matrix supplied; audit forbids provisioning or external mutation","npm run build (273 static pages generated; route emitted)","src/app/(admin)/admin/furnishing/products/[productId]/page.tsx"
"/admin/furnishing/products/import","page","Admin","admin","false","not exhaustively resolved","pass","blocked","No pre-existing controlled identity/browser matrix supplied; audit forbids provisioning or external mutation","npm run build (273 static pages generated; route emitted)","src/app/(admin)/admin/furnishing/products/import/page.tsx"
"/admin/furnishing/products/import/[importId]","page","Admin","admin","true","not exhaustively resolved","pass","blocked","No pre-existing controlled identity/browser matrix supplied; audit forbids provisioning or external mutation","npm run build (273 static pages generated; route emitted)","src/app/(admin)/admin/furnishing/products/import/[importId]/page.tsx"
"/admin/furnishing/products/new","page","Admin","admin","false","not exhaustively resolved","pass","blocked","No pre-existing controlled identity/browser matrix supplied; audit forbids provisioning or external mutation","npm run build (273 static pages generated; route emitted)","src/app/(admin)/admin/furnishing/products/new/page.tsx"
"/admin/furnishing/projects","page","Admin","admin","false","not exhaustively resolved","pass","blocked","No pre-existing controlled identity/browser matrix supplied; audit forbids provisioning or external mutation","npm run build (273 static pages generated; route emitted)","src/app/(admin)/admin/furnishing/projects/page.tsx"
"/admin/furnishing/projects/[projectId]","page","Admin","admin","true","not exhaustively resolved","pass","blocked","No pre-existing controlled identity/browser matrix supplied; audit forbids provisioning or external mutation","npm run build (273 static pages generated; route emitted)","src/app/(admin)/admin/furnishing/projects/[projectId]/page.tsx"
"/admin/furnishing/projects/[projectId]/installation","page","Admin","admin","true","not exhaustively resolved","pass","blocked","No pre-existing controlled identity/browser matrix supplied; audit forbids provisioning or external mutation","npm run build (273 static pages generated; route emitted)","src/app/(admin)/admin/furnishing/projects/[projectId]/installation/page.tsx"
"/admin/furnishing/projects/[projectId]/procurement","page","Admin","admin","true","not exhaustively resolved","pass","blocked","No pre-existing controlled identity/browser matrix supplied; audit forbids provisioning or external mutation","npm run build (273 static pages generated; route emitted)","src/app/(admin)/admin/furnishing/projects/[projectId]/procurement/page.tsx"
"/admin/furnishing/projects/new","page","Admin","admin","false","not exhaustively resolved","pass","blocked","No pre-existing controlled identity/browser matrix supplied; audit forbids provisioning or external mutation","npm run build (273 static pages generated; route emitted)","src/app/(admin)/admin/furnishing/projects/new/page.tsx"
"/admin/furnishing/retailers","page","Admin","admin","false","not exhaustively resolved","pass","blocked","No pre-existing controlled identity/browser matrix supplied; audit forbids provisioning or external mutation","npm run build (273 static pages generated; route emitted)","src/app/(admin)/admin/furnishing/retailers/page.tsx"
"/admin/furnishing/styles","page","Admin","admin","false","not exhaustively resolved","pass","blocked","No pre-existing controlled identity/browser matrix supplied; audit forbids provisioning or external mutation","npm run build (273 static pages generated; route emitted)","src/app/(admin)/admin/furnishing/styles/page.tsx"
"/admin/furnishing/styles/[styleId]","page","Admin","admin","true","not exhaustively resolved","pass","blocked","No pre-existing controlled identity/browser matrix supplied; audit forbids provisioning or external mutation","npm run build (273 static pages generated; route emitted)","src/app/(admin)/admin/furnishing/styles/[styleId]/page.tsx"
"/admin/furnishing/styles/new","page","Admin","admin","false","not exhaustively resolved","pass","blocked","No pre-existing controlled identity/browser matrix supplied; audit forbids provisioning or external mutation","npm run build (273 static pages generated; route emitted)","src/app/(admin)/admin/furnishing/styles/new/page.tsx"
"/admin/furnishing/styles/profiles/[profileId]","page","Admin","admin","true","not exhaustively resolved","pass","blocked","No pre-existing controlled identity/browser matrix supplied; audit forbids provisioning or external mutation","npm run build (273 static pages generated; route emitted)","src/app/(admin)/admin/furnishing/styles/profiles/[profileId]/page.tsx"
"/admin/furnishing/styles/profiles/new","page","Admin","admin","false","not exhaustively resolved","pass","blocked","No pre-existing controlled identity/browser matrix supplied; audit forbids provisioning or external mutation","npm run build (273 static pages generated; route emitted)","src/app/(admin)/admin/furnishing/styles/profiles/new/page.tsx"
"/admin/guidebooks","page","Admin","admin","false","not exhaustively resolved","pass","blocked","No pre-existing controlled identity/browser matrix supplied; audit forbids provisioning or external mutation","npm run build (273 static pages generated; route emitted)","src/app/(admin)/admin/guidebooks/page.tsx"
"/admin/guidebooks/[guidebookId]","page","Admin","admin","true","not exhaustively resolved","pass","blocked","No pre-existing controlled identity/browser matrix supplied; audit forbids provisioning or external mutation","npm run build (273 static pages generated; route emitted)","src/app/(admin)/admin/guidebooks/[guidebookId]/page.tsx"
"/admin/guidebooks/[guidebookId]/compose","page","Admin","admin","true","not exhaustively resolved","pass","blocked","No pre-existing controlled identity/browser matrix supplied; audit forbids provisioning or external mutation","npm run build (273 static pages generated; route emitted)","src/app/(admin)/admin/guidebooks/[guidebookId]/compose/page.tsx"
"/admin/guidebooks/[guidebookId]/edit","page","Admin","admin","true","not exhaustively resolved","pass","blocked","No pre-existing controlled identity/browser matrix supplied; audit forbids provisioning or external mutation","npm run build (273 static pages generated; route emitted)","src/app/(admin)/admin/guidebooks/[guidebookId]/edit/page.tsx"
"/admin/guidebooks/[guidebookId]/publish","page","Admin","admin","true","not exhaustively resolved","pass","blocked","No pre-existing controlled identity/browser matrix supplied; audit forbids provisioning or external mutation","npm run build (273 static pages generated; route emitted)","src/app/(admin)/admin/guidebooks/[guidebookId]/publish/page.tsx"
"/admin/guidebooks/[guidebookId]/versions/[versionId]/edit","page","Admin","admin","true","not exhaustively resolved","pass","blocked","No pre-existing controlled identity/browser matrix supplied; audit forbids provisioning or external mutation","npm run build (273 static pages generated; route emitted)","src/app/(admin)/admin/guidebooks/[guidebookId]/versions/[versionId]/edit/page.tsx"
"/admin/guidebooks/analytics","page","Admin","admin","false","not exhaustively resolved","pass","blocked","No pre-existing controlled identity/browser matrix supplied; audit forbids provisioning or external mutation","npm run build (273 static pages generated; route emitted)","src/app/(admin)/admin/guidebooks/analytics/page.tsx"
"/admin/guidebooks/components","page","Admin","admin","false","not exhaustively resolved","pass","blocked","No pre-existing controlled identity/browser matrix supplied; audit forbids provisioning or external mutation","npm run build (273 static pages generated; route emitted)","src/app/(admin)/admin/guidebooks/components/page.tsx"
"/admin/guidebooks/components/[componentId]","page","Admin","admin","true","not exhaustively resolved","pass","blocked","No pre-existing controlled identity/browser matrix supplied; audit forbids provisioning or external mutation","npm run build (273 static pages generated; route emitted)","src/app/(admin)/admin/guidebooks/components/[componentId]/page.tsx"
"/admin/guidebooks/components/[componentId]/versions/[versionId]","page","Admin","admin","true","not exhaustively resolved","pass","blocked","No pre-existing controlled identity/browser matrix supplied; audit forbids provisioning or external mutation","npm run build (273 static pages generated; route emitted)","src/app/(admin)/admin/guidebooks/components/[componentId]/versions/[versionId]/page.tsx"
"/admin/guidebooks/components/new","page","Admin","admin","false","not exhaustively resolved","pass","blocked","No pre-existing controlled identity/browser matrix supplied; audit forbids provisioning or external mutation","npm run build (273 static pages generated; route emitted)","src/app/(admin)/admin/guidebooks/components/new/page.tsx"
"/admin/guidebooks/content","page","Admin","admin","false","not exhaustively resolved","pass","blocked","No pre-existing controlled identity/browser matrix supplied; audit forbids provisioning or external mutation","npm run build (273 static pages generated; route emitted)","src/app/(admin)/admin/guidebooks/content/page.tsx"
"/admin/guidebooks/content/[contentId]","page","Admin","admin","true","not exhaustively resolved","pass","blocked","No pre-existing controlled identity/browser matrix supplied; audit forbids provisioning or external mutation","npm run build (273 static pages generated; route emitted)","src/app/(admin)/admin/guidebooks/content/[contentId]/page.tsx"
"/admin/guidebooks/content/export","route-handler","Admin","admin","false","not exhaustively resolved","pass","blocked","No pre-existing controlled identity/browser matrix supplied; audit forbids provisioning or external mutation","npm run build (273 static pages generated; route emitted)","src/app/(admin)/admin/guidebooks/content/export/route.ts"
"/admin/guidebooks/content/new","page","Admin","admin","false","not exhaustively resolved","pass","blocked","No pre-existing controlled identity/browser matrix supplied; audit forbids provisioning or external mutation","npm run build (273 static pages generated; route emitted)","src/app/(admin)/admin/guidebooks/content/new/page.tsx"
"/admin/guidebooks/guidebooks","page","Admin","admin","false","not exhaustively resolved","pass","blocked","No pre-existing controlled identity/browser matrix supplied; audit forbids provisioning or external mutation","npm run build (273 static pages generated; route emitted)","src/app/(admin)/admin/guidebooks/guidebooks/page.tsx"
"/admin/guidebooks/list","page","Admin","admin","false","not exhaustively resolved","pass","blocked","No pre-existing controlled identity/browser matrix supplied; audit forbids provisioning or external mutation","npm run build (273 static pages generated; route emitted)","src/app/(admin)/admin/guidebooks/list/page.tsx"
"/admin/guidebooks/media","page","Admin","admin","false","not exhaustively resolved","pass","blocked","No pre-existing controlled identity/browser matrix supplied; audit forbids provisioning or external mutation","npm run build (273 static pages generated; route emitted)","src/app/(admin)/admin/guidebooks/media/page.tsx"
"/admin/guidebooks/media/[assetId]","page","Admin","admin","true","not exhaustively resolved","pass","blocked","No pre-existing controlled identity/browser matrix supplied; audit forbids provisioning or external mutation","npm run build (273 static pages generated; route emitted)","src/app/(admin)/admin/guidebooks/media/[assetId]/page.tsx"
"/admin/guidebooks/media/folders","page","Admin","admin","false","not exhaustively resolved","pass","blocked","No pre-existing controlled identity/browser matrix supplied; audit forbids provisioning or external mutation","npm run build (273 static pages generated; route emitted)","src/app/(admin)/admin/guidebooks/media/folders/page.tsx"
"/admin/guidebooks/media/upload","page","Admin","admin","false","not exhaustively resolved","pass","blocked","No pre-existing controlled identity/browser matrix supplied; audit forbids provisioning or external mutation","npm run build (273 static pages generated; route emitted)","src/app/(admin)/admin/guidebooks/media/upload/page.tsx"
"/admin/guidebooks/new","page","Admin","admin","false","not exhaustively resolved","pass","blocked","No pre-existing controlled identity/browser matrix supplied; audit forbids provisioning or external mutation","npm run build (273 static pages generated; route emitted)","src/app/(admin)/admin/guidebooks/new/page.tsx"
"/admin/guidebooks/settings","page","Admin","admin","false","not exhaustively resolved","pass","blocked","No pre-existing controlled identity/browser matrix supplied; audit forbids provisioning or external mutation","npm run build (273 static pages generated; route emitted)","src/app/(admin)/admin/guidebooks/settings/page.tsx"
"/admin/guidebooks/templates","page","Admin","admin","false","not exhaustively resolved","pass","blocked","No pre-existing controlled identity/browser matrix supplied; audit forbids provisioning or external mutation","npm run build (273 static pages generated; route emitted)","src/app/(admin)/admin/guidebooks/templates/page.tsx"
"/admin/guidebooks/templates/[templateId]","page","Admin","admin","true","not exhaustively resolved","pass","blocked","No pre-existing controlled identity/browser matrix supplied; audit forbids provisioning or external mutation","npm run build (273 static pages generated; route emitted)","src/app/(admin)/admin/guidebooks/templates/[templateId]/page.tsx"
"/admin/guidebooks/templates/[templateId]/preview","page","Admin","admin","true","not exhaustively resolved","pass","blocked","No pre-existing controlled identity/browser matrix supplied; audit forbids provisioning or external mutation","npm run build (273 static pages generated; route emitted)","src/app/(admin)/admin/guidebooks/templates/[templateId]/preview/page.tsx"
"/admin/guidebooks/templates/new","page","Admin","admin","false","not exhaustively resolved","pass","blocked","No pre-existing controlled identity/browser matrix supplied; audit forbids provisioning or external mutation","npm run build (273 static pages generated; route emitted)","src/app/(admin)/admin/guidebooks/templates/new/page.tsx"
"/admin/inquiries","page","Admin","admin","false","not exhaustively resolved","pass","blocked","No pre-existing controlled identity/browser matrix supplied; audit forbids provisioning or external mutation","npm run build (273 static pages generated; route emitted)","src/app/(admin)/admin/inquiries/page.tsx"
"/admin/inquiries/[id]","page","Admin","admin","true","not exhaustively resolved","pass","blocked","No pre-existing controlled identity/browser matrix supplied; audit forbids provisioning or external mutation","npm run build (273 static pages generated; route emitted)","src/app/(admin)/admin/inquiries/[id]/page.tsx"
"/admin/integrations","page","Admin","admin","false","not exhaustively resolved","pass","blocked","No pre-existing controlled identity/browser matrix supplied; audit forbids provisioning or external mutation","npm run build (273 static pages generated; route emitted)","src/app/(admin)/admin/integrations/page.tsx"
"/admin/integrations/[integrationId]","page","Admin","admin","true","not exhaustively resolved","pass","blocked","No pre-existing controlled identity/browser matrix supplied; audit forbids provisioning or external mutation","npm run build (273 static pages generated; route emitted)","src/app/(admin)/admin/integrations/[integrationId]/page.tsx"
"/admin/internal-workspace","page","Admin","admin","false","not exhaustively resolved","pass","blocked","No pre-existing controlled identity/browser matrix supplied; audit forbids provisioning or external mutation","npm run build (273 static pages generated; route emitted)","src/app/(admin)/admin/internal-workspace/page.tsx"
"/admin/learning","page","Admin","admin","false","not exhaustively resolved","pass","blocked","No pre-existing controlled identity/browser matrix supplied; audit forbids provisioning or external mutation","npm run build (273 static pages generated; route emitted)","src/app/(admin)/admin/learning/page.tsx"
"/admin/learning/assumptions","page","Admin","admin","false","not exhaustively resolved","pass","blocked","No pre-existing controlled identity/browser matrix supplied; audit forbids provisioning or external mutation","npm run build (273 static pages generated; route emitted)","src/app/(admin)/admin/learning/assumptions/page.tsx"
"/admin/learning/calibration","page","Admin","admin","false","not exhaustively resolved","pass","blocked","No pre-existing controlled identity/browser matrix supplied; audit forbids provisioning or external mutation","npm run build (273 static pages generated; route emitted)","src/app/(admin)/admin/learning/calibration/page.tsx"
"/admin/learning/contradictions","page","Admin","admin","false","not exhaustively resolved","pass","blocked","No pre-existing controlled identity/browser matrix supplied; audit forbids provisioning or external mutation","npm run build (273 static pages generated; route emitted)","src/app/(admin)/admin/learning/contradictions/page.tsx"
"/admin/learning/governance","page","Admin","admin","false","not exhaustively resolved","pass","blocked","No pre-existing controlled identity/browser matrix supplied; audit forbids provisioning or external mutation","npm run build (273 static pages generated; route emitted)","src/app/(admin)/admin/learning/governance/page.tsx"
"/admin/learning/health","page","Admin","admin","false","not exhaustively resolved","pass","blocked","No pre-existing controlled identity/browser matrix supplied; audit forbids provisioning or external mutation","npm run build (273 static pages generated; route emitted)","src/app/(admin)/admin/learning/health/page.tsx"
"/admin/learning/jobs","page","Admin","admin","false","not exhaustively resolved","pass","blocked","No pre-existing controlled identity/browser matrix supplied; audit forbids provisioning or external mutation","npm run build (273 static pages generated; route emitted)","src/app/(admin)/admin/learning/jobs/page.tsx"
"/admin/learning/lessons","page","Admin","admin","false","not exhaustively resolved","pass","blocked","No pre-existing controlled identity/browser matrix supplied; audit forbids provisioning or external mutation","npm run build (273 static pages generated; route emitted)","src/app/(admin)/admin/learning/lessons/page.tsx"
"/admin/learning/reviews","page","Admin","admin","false","not exhaustively resolved","pass","blocked","No pre-existing controlled identity/browser matrix supplied; audit forbids provisioning or external mutation","npm run build (273 static pages generated; route emitted)","src/app/(admin)/admin/learning/reviews/page.tsx"
"/admin/offers","page","Admin","admin","false","not exhaustively resolved","pass","blocked","No pre-existing controlled identity/browser matrix supplied; audit forbids provisioning or external mutation","npm run build (273 static pages generated; route emitted)","src/app/(admin)/admin/offers/page.tsx"
"/admin/offers/[offerId]","page","Admin","admin","true","not exhaustively resolved","pass","blocked","No pre-existing controlled identity/browser matrix supplied; audit forbids provisioning or external mutation","npm run build (273 static pages generated; route emitted)","src/app/(admin)/admin/offers/[offerId]/page.tsx"
"/admin/offers/activation","page","Admin","admin","false","not exhaustively resolved","pass","blocked","No pre-existing controlled identity/browser matrix supplied; audit forbids provisioning or external mutation","npm run build (273 static pages generated; route emitted)","src/app/(admin)/admin/offers/activation/page.tsx"
"/admin/offers/add-ons","page","Admin","admin","false","not exhaustively resolved","pass","blocked","No pre-existing controlled identity/browser matrix supplied; audit forbids provisioning or external mutation","npm run build (273 static pages generated; route emitted)","src/app/(admin)/admin/offers/add-ons/page.tsx"
"/admin/offers/bundles","page","Admin","admin","false","not exhaustively resolved","pass","blocked","No pre-existing controlled identity/browser matrix supplied; audit forbids provisioning or external mutation","npm run build (273 static pages generated; route emitted)","src/app/(admin)/admin/offers/bundles/page.tsx"
"/admin/offers/bundles/[bundleId]","page","Admin","admin","true","not exhaustively resolved","pass","blocked","No pre-existing controlled identity/browser matrix supplied; audit forbids provisioning or external mutation","npm run build (273 static pages generated; route emitted)","src/app/(admin)/admin/offers/bundles/[bundleId]/page.tsx"
"/admin/offers/bundles/new","page","Admin","admin","false","not exhaustively resolved","pass","blocked","No pre-existing controlled identity/browser matrix supplied; audit forbids provisioning or external mutation","npm run build (273 static pages generated; route emitted)","src/app/(admin)/admin/offers/bundles/new/page.tsx"
"/admin/offers/catalog","page","Admin","admin","false","not exhaustively resolved","pass","blocked","No pre-existing controlled identity/browser matrix supplied; audit forbids provisioning or external mutation","npm run build (273 static pages generated; route emitted)","src/app/(admin)/admin/offers/catalog/page.tsx"
"/admin/offers/checkout","page","Admin","admin","false","not exhaustively resolved","pass","blocked","No pre-existing controlled identity/browser matrix supplied; audit forbids provisioning or external mutation","npm run build (273 static pages generated; route emitted)","src/app/(admin)/admin/offers/checkout/page.tsx"
"/admin/offers/new","page","Admin","admin","false","not exhaustively resolved","pass","blocked","No pre-existing controlled identity/browser matrix supplied; audit forbids provisioning or external mutation","npm run build (273 static pages generated; route emitted)","src/app/(admin)/admin/offers/new/page.tsx"
"/admin/offers/orders","page","Admin","admin","false","not exhaustively resolved","pass","blocked","No pre-existing controlled identity/browser matrix supplied; audit forbids provisioning or external mutation","npm run build (273 static pages generated; route emitted)","src/app/(admin)/admin/offers/orders/page.tsx"
"/admin/offers/orders/[orderId]","page","Admin","admin","true","not exhaustively resolved","pass","blocked","No pre-existing controlled identity/browser matrix supplied; audit forbids provisioning or external mutation","npm run build (273 static pages generated; route emitted)","src/app/(admin)/admin/offers/orders/[orderId]/page.tsx"
"/admin/offers/pricing","page","Admin","admin","false","not exhaustively resolved","pass","blocked","No pre-existing controlled identity/browser matrix supplied; audit forbids provisioning or external mutation","npm run build (273 static pages generated; route emitted)","src/app/(admin)/admin/offers/pricing/page.tsx"
"/admin/offers/settings","page","Admin","admin","false","not exhaustively resolved","pass","blocked","No pre-existing controlled identity/browser matrix supplied; audit forbids provisioning or external mutation","npm run build (273 static pages generated; route emitted)","src/app/(admin)/admin/offers/settings/page.tsx"
"/admin/owners","page","Admin","admin","false","not exhaustively resolved","pass","blocked","No pre-existing controlled identity/browser matrix supplied; audit forbids provisioning or external mutation","npm run build (273 static pages generated; route emitted)","src/app/(admin)/admin/owners/page.tsx"
"/admin/properties","page","Admin","admin","false","not exhaustively resolved","pass","blocked","No pre-existing controlled identity/browser matrix supplied; audit forbids provisioning or external mutation","npm run build (273 static pages generated; route emitted)","src/app/(admin)/admin/properties/page.tsx"
"/admin/properties/[id]","page","Admin","admin","true","not exhaustively resolved","pass","blocked","No pre-existing controlled identity/browser matrix supplied; audit forbids provisioning or external mutation","npm run build (273 static pages generated; route emitted)","src/app/(admin)/admin/properties/[id]/page.tsx"
"/admin/properties/[id]/edit","page","Admin","admin","true","not exhaustively resolved","pass","blocked","No pre-existing controlled identity/browser matrix supplied; audit forbids provisioning or external mutation","npm run build (273 static pages generated; route emitted)","src/app/(admin)/admin/properties/[id]/edit/page.tsx"
"/admin/properties/new","page","Admin","admin","false","not exhaustively resolved","pass","blocked","No pre-existing controlled identity/browser matrix supplied; audit forbids provisioning or external mutation","npm run build (273 static pages generated; route emitted)","src/app/(admin)/admin/properties/new/page.tsx"
"/admin/provider-health","page","Admin","admin","false","not exhaustively resolved","pass","blocked","No pre-existing controlled identity/browser matrix supplied; audit forbids provisioning or external mutation","npm run build (273 static pages generated; route emitted)","src/app/(admin)/admin/provider-health/page.tsx"
"/admin/reports","page","Admin","admin","false","not exhaustively resolved","pass","blocked","No pre-existing controlled identity/browser matrix supplied; audit forbids provisioning or external mutation","npm run build (273 static pages generated; route emitted)","src/app/(admin)/admin/reports/page.tsx"
"/admin/reports/health","page","Admin","admin","false","not exhaustively resolved","pass","blocked","No pre-existing controlled identity/browser matrix supplied; audit forbids provisioning or external mutation","npm run build (273 static pages generated; route emitted)","src/app/(admin)/admin/reports/health/page.tsx"
"/admin/reports/jobs","page","Admin","admin","false","not exhaustively resolved","pass","blocked","No pre-existing controlled identity/browser matrix supplied; audit forbids provisioning or external mutation","npm run build (273 static pages generated; route emitted)","src/app/(admin)/admin/reports/jobs/page.tsx"
"/admin/reports/shares","page","Admin","admin","false","not exhaustively resolved","pass","blocked","No pre-existing controlled identity/browser matrix supplied; audit forbids provisioning or external mutation","npm run build (273 static pages generated; route emitted)","src/app/(admin)/admin/reports/shares/page.tsx"
"/admin/reports/templates","page","Admin","admin","false","not exhaustively resolved","pass","blocked","No pre-existing controlled identity/browser matrix supplied; audit forbids provisioning or external mutation","npm run build (273 static pages generated; route emitted)","src/app/(admin)/admin/reports/templates/page.tsx"
"/admin/support","page","Admin","admin","false","not exhaustively resolved","pass","blocked","No pre-existing controlled identity/browser matrix supplied; audit forbids provisioning or external mutation","npm run build (273 static pages generated; route emitted)","src/app/(admin)/admin/support/page.tsx"
"/admin/sync-history","page","Admin","admin","false","not exhaustively resolved","pass","blocked","No pre-existing controlled identity/browser matrix supplied; audit forbids provisioning or external mutation","npm run build (273 static pages generated; route emitted)","src/app/(admin)/admin/sync-history/page.tsx"
"/api/admin/integrations/hospitable/messages/sync","route-handler","API / integration","admin","false","not exhaustively resolved","pass","blocked","No pre-existing controlled identity/browser matrix supplied; audit forbids provisioning or external mutation","npm run build (273 static pages generated; route emitted)","src/app/api/admin/integrations/hospitable/messages/sync/route.ts"
"/api/admin/integrations/hospitable/sync","route-handler","API / integration","admin","false","not exhaustively resolved","pass","blocked","No pre-existing controlled identity/browser matrix supplied; audit forbids provisioning or external mutation","npm run build (273 static pages generated; route emitted)","src/app/api/admin/integrations/hospitable/sync/route.ts"
"/api/admin/integrations/market/health","route-handler","API / integration","admin","false","not exhaustively resolved","pass","blocked","No pre-existing controlled identity/browser matrix supplied; audit forbids provisioning or external mutation","npm run build (273 static pages generated; route emitted)","src/app/api/admin/integrations/market/health/route.ts"
"/api/automations/reports/[reportKey]/csv","route-handler","Reports","anonymous or route-specific","true","not exhaustively resolved","pass","blocked","No pre-existing controlled identity/browser matrix supplied; audit forbids provisioning or external mutation","npm run build (273 static pages generated; route emitted)","src/app/api/automations/reports/[reportKey]/csv/route.ts"
"/api/health","route-handler","API / integration","anonymous or route-specific","false","not exhaustively resolved","pass","blocked","No pre-existing controlled identity/browser matrix supplied; audit forbids provisioning or external mutation","npm run build (273 static pages generated; route emitted)","src/app/api/health/route.ts"
"/api/hpm/reports/[reportKey]/csv","route-handler","Reports","anonymous or route-specific","true","not exhaustively resolved","pass","blocked","No pre-existing controlled identity/browser matrix supplied; audit forbids provisioning or external mutation","npm run build (273 static pages generated; route emitted)","src/app/api/hpm/reports/[reportKey]/csv/route.ts"
"/api/internal/automations/process","route-handler","API / integration","internal service","false","not exhaustively resolved","pass","blocked","No pre-existing controlled identity/browser matrix supplied; audit forbids provisioning or external mutation","npm run build (273 static pages generated; route emitted)","src/app/api/internal/automations/process/route.ts"
"/api/investment-reports/[reportId]/pdf","route-handler","Investment Intelligence","anonymous or route-specific","true","not exhaustively resolved","pass","blocked","No pre-existing controlled identity/browser matrix supplied; audit forbids provisioning or external mutation","npm run build (273 static pages generated; route emitted)","src/app/api/investment-reports/[reportId]/pdf/route.ts"
"/api/public/guidebooks/[slug]/events","route-handler","Guidebook Studio","anonymous or route-specific","true","not exhaustively resolved","pass","blocked","No pre-existing controlled identity/browser matrix supplied; audit forbids provisioning or external mutation","npm run build (273 static pages generated; route emitted)","src/app/api/public/guidebooks/[slug]/events/route.ts"
"/api/public/owner-checklist/download","route-handler","API / integration","anonymous or route-specific","false","not exhaustively resolved","pass","blocked","No pre-existing controlled identity/browser matrix supplied; audit forbids provisioning or external mutation","npm run build (273 static pages generated; route emitted)","src/app/api/public/owner-checklist/download/route.ts"
"/api/webhooks/hospitable/messages","route-handler","API / integration","provider webhook","false","not exhaustively resolved","pass","blocked","No pre-existing controlled identity/browser matrix supplied; audit forbids provisioning or external mutation","npm run build (273 static pages generated; route emitted)","src/app/api/webhooks/hospitable/messages/route.ts"
"/api/webhooks/stripe","route-handler","API / integration","provider webhook","false","not exhaustively resolved","pass","blocked","No pre-existing controlled identity/browser matrix supplied; audit forbids provisioning or external mutation","npm run build (273 static pages generated; route emitted)","src/app/api/webhooks/stripe/route.ts"
"/approach","page","Public marketing / portal","anonymous or route-specific","false","not exhaustively resolved","pass","blocked","No pre-existing controlled identity/browser matrix supplied; audit forbids provisioning or external mutation","npm run build (273 static pages generated; route emitted)","src/app/(marketing)/approach/page.tsx"
"/auth/callback","route-handler","Authentication","anonymous or route-specific","false","not exhaustively resolved","pass","blocked","No pre-existing controlled identity/browser matrix supplied; audit forbids provisioning or external mutation","npm run build (273 static pages generated; route emitted)","src/app/(auth)/auth/callback/route.ts"
"/bookings","page","Public marketing / portal","anonymous or route-specific","false","not exhaustively resolved","pass","blocked","No pre-existing controlled identity/browser matrix supplied; audit forbids provisioning or external mutation","npm run build (273 static pages generated; route emitted)","src/app/(portal)/bookings/page.tsx"
"/checkout/[checkoutSessionId]","page","Commerce","anonymous or route-specific","true","not exhaustively resolved","pass","blocked","No pre-existing controlled identity/browser matrix supplied; audit forbids provisioning or external mutation","npm run build (273 static pages generated; route emitted)","src/app/(marketing)/checkout/[checkoutSessionId]/page.tsx"
"/checkout/cancel","page","Commerce","anonymous or route-specific","false","not exhaustively resolved","pass","blocked","No pre-existing controlled identity/browser matrix supplied; audit forbids provisioning or external mutation","npm run build (273 static pages generated; route emitted)","src/app/(public)/checkout/cancel/page.tsx"
"/checkout/success","page","Commerce","anonymous or route-specific","false","not exhaustively resolved","pass","blocked","No pre-existing controlled identity/browser matrix supplied; audit forbids provisioning or external mutation","npm run build (273 static pages generated; route emitted)","src/app/(public)/checkout/success/page.tsx"
"/commerce/activate","page","Commerce","anonymous or route-specific","false","not exhaustively resolved","pass","blocked","No pre-existing controlled identity/browser matrix supplied; audit forbids provisioning or external mutation","npm run build (273 static pages generated; route emitted)","src/app/(commerce)/commerce/activate/page.tsx"
"/commerce/checkout","page","Commerce","anonymous or route-specific","false","not exhaustively resolved","pass","blocked","No pre-existing controlled identity/browser matrix supplied; audit forbids provisioning or external mutation","npm run build (273 static pages generated; route emitted)","src/app/(commerce)/commerce/checkout/page.tsx"
"/commerce/checkout/cancelled","page","Commerce","anonymous or route-specific","false","not exhaustively resolved","pass","blocked","No pre-existing controlled identity/browser matrix supplied; audit forbids provisioning or external mutation","npm run build (273 static pages generated; route emitted)","src/app/(commerce)/commerce/checkout/cancelled/page.tsx"
"/commerce/complete","page","Commerce","anonymous or route-specific","false","not exhaustively resolved","pass","blocked","No pre-existing controlled identity/browser matrix supplied; audit forbids provisioning or external mutation","npm run build (273 static pages generated; route emitted)","src/app/(commerce)/commerce/complete/page.tsx"
"/commerce/configure-workspace","page","Commerce","anonymous or route-specific","false","not exhaustively resolved","pass","blocked","No pre-existing controlled identity/browser matrix supplied; audit forbids provisioning or external mutation","npm run build (273 static pages generated; route emitted)","src/app/(commerce)/commerce/configure-workspace/page.tsx"
"/commerce/create-account","page","Commerce","anonymous or route-specific","false","not exhaustively resolved","pass","blocked","No pre-existing controlled identity/browser matrix supplied; audit forbids provisioning or external mutation","npm run build (273 static pages generated; route emitted)","src/app/(commerce)/commerce/create-account/page.tsx"
"/commerce/review","page","Commerce","anonymous or route-specific","false","not exhaustively resolved","pass","blocked","No pre-existing controlled identity/browser matrix supplied; audit forbids provisioning or external mutation","npm run build (273 static pages generated; route emitted)","src/app/(commerce)/commerce/review/page.tsx"
"/commerce/welcome","page","Commerce","anonymous or route-specific","false","not exhaustively resolved","pass","blocked","No pre-existing controlled identity/browser matrix supplied; audit forbids provisioning or external mutation","npm run build (273 static pages generated; route emitted)","src/app/(commerce)/commerce/welcome/page.tsx"
"/contact","page","Public marketing / portal","anonymous or route-specific","false","not exhaustively resolved","pass","blocked","No pre-existing controlled identity/browser matrix supplied; audit forbids provisioning or external mutation","npm run build (273 static pages generated; route emitted)","src/app/(marketing)/contact/page.tsx"
"/dashboard","page","Customer dashboard","authenticated/entitled","false","not exhaustively resolved","pass","blocked","No pre-existing controlled identity/browser matrix supplied; audit forbids provisioning or external mutation","npm run build (273 static pages generated; route emitted)","src/app/(dashboard)/dashboard/page.tsx"
"/dashboard/access","page","Customer dashboard","authenticated/entitled","false","not exhaustively resolved","pass","blocked","No pre-existing controlled identity/browser matrix supplied; audit forbids provisioning or external mutation","npm run build (273 static pages generated; route emitted)","src/app/(dashboard)/dashboard/access/page.tsx"
"/dashboard/actions","page","Actions / Execute","authenticated/entitled","false","not exhaustively resolved","pass","blocked","No pre-existing controlled identity/browser matrix supplied; audit forbids provisioning or external mutation","npm run build (273 static pages generated; route emitted)","src/app/(dashboard)/dashboard/actions/page.tsx"
"/dashboard/actions/[id]","page","Actions / Execute","authenticated/entitled","true","not exhaustively resolved","pass","blocked","No pre-existing controlled identity/browser matrix supplied; audit forbids provisioning or external mutation","npm run build (273 static pages generated; route emitted)","src/app/(dashboard)/dashboard/actions/[id]/page.tsx"
"/dashboard/automations","page","Customer dashboard","authenticated/entitled","false","not exhaustively resolved","pass","blocked","No pre-existing controlled identity/browser matrix supplied; audit forbids provisioning or external mutation","npm run build (273 static pages generated; route emitted)","src/app/(dashboard)/dashboard/automations/page.tsx"
"/dashboard/automations/approvals","page","Customer dashboard","authenticated/entitled","false","not exhaustively resolved","pass","blocked","No pre-existing controlled identity/browser matrix supplied; audit forbids provisioning or external mutation","npm run build (273 static pages generated; route emitted)","src/app/(dashboard)/dashboard/automations/approvals/page.tsx"
"/dashboard/automations/approvals/[approvalId]","page","Customer dashboard","authenticated/entitled","true","not exhaustively resolved","pass","blocked","No pre-existing controlled identity/browser matrix supplied; audit forbids provisioning or external mutation","npm run build (273 static pages generated; route emitted)","src/app/(dashboard)/dashboard/automations/approvals/[approvalId]/page.tsx"
"/dashboard/automations/definitions","page","Customer dashboard","authenticated/entitled","false","not exhaustively resolved","pass","blocked","No pre-existing controlled identity/browser matrix supplied; audit forbids provisioning or external mutation","npm run build (273 static pages generated; route emitted)","src/app/(dashboard)/dashboard/automations/definitions/page.tsx"
"/dashboard/automations/definitions/[automationId]","page","Customer dashboard","authenticated/entitled","true","not exhaustively resolved","pass","blocked","No pre-existing controlled identity/browser matrix supplied; audit forbids provisioning or external mutation","npm run build (273 static pages generated; route emitted)","src/app/(dashboard)/dashboard/automations/definitions/[automationId]/page.tsx"
"/dashboard/automations/definitions/[automationId]/versions/[versionId]","page","Customer dashboard","authenticated/entitled","true","not exhaustively resolved","pass","blocked","No pre-existing controlled identity/browser matrix supplied; audit forbids provisioning or external mutation","npm run build (273 static pages generated; route emitted)","src/app/(dashboard)/dashboard/automations/definitions/[automationId]/versions/[versionId]/page.tsx"
"/dashboard/automations/definitions/new","page","Customer dashboard","authenticated/entitled","false","not exhaustively resolved","pass","blocked","No pre-existing controlled identity/browser matrix supplied; audit forbids provisioning or external mutation","npm run build (273 static pages generated; route emitted)","src/app/(dashboard)/dashboard/automations/definitions/new/page.tsx"
"/dashboard/automations/operations","page","Customer dashboard","authenticated/entitled","false","not exhaustively resolved","pass","blocked","No pre-existing controlled identity/browser matrix supplied; audit forbids provisioning or external mutation","npm run build (273 static pages generated; route emitted)","src/app/(dashboard)/dashboard/automations/operations/page.tsx"
"/dashboard/automations/operations/reports/[reportKey]","page","Reports","authenticated/entitled","true","not exhaustively resolved","pass","blocked","No pre-existing controlled identity/browser matrix supplied; audit forbids provisioning or external mutation","npm run build (273 static pages generated; route emitted)","src/app/(dashboard)/dashboard/automations/operations/reports/[reportKey]/page.tsx"
"/dashboard/automations/runs","page","Customer dashboard","authenticated/entitled","false","not exhaustively resolved","pass","blocked","No pre-existing controlled identity/browser matrix supplied; audit forbids provisioning or external mutation","npm run build (273 static pages generated; route emitted)","src/app/(dashboard)/dashboard/automations/runs/page.tsx"
"/dashboard/automations/runs/[runId]","page","Customer dashboard","authenticated/entitled","true","not exhaustively resolved","pass","blocked","No pre-existing controlled identity/browser matrix supplied; audit forbids provisioning or external mutation","npm run build (273 static pages generated; route emitted)","src/app/(dashboard)/dashboard/automations/runs/[runId]/page.tsx"
"/dashboard/automations/templates","page","Customer dashboard","authenticated/entitled","false","not exhaustively resolved","pass","blocked","No pre-existing controlled identity/browser matrix supplied; audit forbids provisioning or external mutation","npm run build (273 static pages generated; route emitted)","src/app/(dashboard)/dashboard/automations/templates/page.tsx"
"/dashboard/automations/templates/[templateId]","page","Customer dashboard","authenticated/entitled","true","not exhaustively resolved","pass","blocked","No pre-existing controlled identity/browser matrix supplied; audit forbids provisioning or external mutation","npm run build (273 static pages generated; route emitted)","src/app/(dashboard)/dashboard/automations/templates/[templateId]/page.tsx"
"/dashboard/billing","page","Customer dashboard","authenticated/entitled","false","not exhaustively resolved","pass","blocked","No pre-existing controlled identity/browser matrix supplied; audit forbids provisioning or external mutation","npm run build (273 static pages generated; route emitted)","src/app/(dashboard)/dashboard/billing/page.tsx"
"/dashboard/bookings","page","Customer dashboard","authenticated/entitled","false","not exhaustively resolved","pass","blocked","No pre-existing controlled identity/browser matrix supplied; audit forbids provisioning or external mutation","npm run build (273 static pages generated; route emitted)","src/app/(dashboard)/dashboard/bookings/page.tsx"
"/dashboard/communications","page","Customer dashboard","authenticated/entitled","false","not exhaustively resolved","pass","blocked","No pre-existing controlled identity/browser matrix supplied; audit forbids provisioning or external mutation","npm run build (273 static pages generated; route emitted)","src/app/(dashboard)/dashboard/communications/page.tsx"
"/dashboard/communications/[conversationId]","page","Customer dashboard","authenticated/entitled","true","not exhaustively resolved","pass","blocked","No pre-existing controlled identity/browser matrix supplied; audit forbids provisioning or external mutation","npm run build (273 static pages generated; route emitted)","src/app/(dashboard)/dashboard/communications/[conversationId]/page.tsx"
"/dashboard/communications/guests/[guestId]","page","Customer dashboard","authenticated/entitled","true","not exhaustively resolved","pass","blocked","No pre-existing controlled identity/browser matrix supplied; audit forbids provisioning or external mutation","npm run build (273 static pages generated; route emitted)","src/app/(dashboard)/dashboard/communications/guests/[guestId]/page.tsx"
"/dashboard/execute","page","Actions / Execute","authenticated/entitled","false","not exhaustively resolved","pass","blocked","No pre-existing controlled identity/browser matrix supplied; audit forbids provisioning or external mutation","npm run build (273 static pages generated; route emitted)","src/app/(dashboard)/dashboard/execute/page.tsx"
"/dashboard/execute/actions","page","Actions / Execute","authenticated/entitled","false","not exhaustively resolved","pass","blocked","No pre-existing controlled identity/browser matrix supplied; audit forbids provisioning or external mutation","npm run build (273 static pages generated; route emitted)","src/app/(dashboard)/dashboard/execute/actions/page.tsx"
"/dashboard/execute/actions/[id]","page","Actions / Execute","authenticated/entitled","true","not exhaustively resolved","pass","blocked","No pre-existing controlled identity/browser matrix supplied; audit forbids provisioning or external mutation","npm run build (273 static pages generated; route emitted)","src/app/(dashboard)/dashboard/execute/actions/[id]/page.tsx"
"/dashboard/financial","page","Customer dashboard","authenticated/entitled","false","not exhaustively resolved","pass","blocked","No pre-existing controlled identity/browser matrix supplied; audit forbids provisioning or external mutation","npm run build (273 static pages generated; route emitted)","src/app/(dashboard)/dashboard/financial/page.tsx"
"/dashboard/financial/capital","page","Customer dashboard","authenticated/entitled","false","not exhaustively resolved","pass","blocked","No pre-existing controlled identity/browser matrix supplied; audit forbids provisioning or external mutation","npm run build (273 static pages generated; route emitted)","src/app/(dashboard)/dashboard/financial/capital/page.tsx"
"/dashboard/financial/cash-flow","page","Customer dashboard","authenticated/entitled","false","not exhaustively resolved","pass","blocked","No pre-existing controlled identity/browser matrix supplied; audit forbids provisioning or external mutation","npm run build (273 static pages generated; route emitted)","src/app/(dashboard)/dashboard/financial/cash-flow/page.tsx"
"/dashboard/financial/expenses","page","Customer dashboard","authenticated/entitled","false","not exhaustively resolved","pass","blocked","No pre-existing controlled identity/browser matrix supplied; audit forbids provisioning or external mutation","npm run build (273 static pages generated; route emitted)","src/app/(dashboard)/dashboard/financial/expenses/page.tsx"
"/dashboard/financial/expenses/new","page","Customer dashboard","authenticated/entitled","false","not exhaustively resolved","pass","blocked","No pre-existing controlled identity/browser matrix supplied; audit forbids provisioning or external mutation","npm run build (273 static pages generated; route emitted)","src/app/(dashboard)/dashboard/financial/expenses/new/page.tsx"
"/dashboard/financial/outcomes","page","Customer dashboard","authenticated/entitled","false","not exhaustively resolved","pass","blocked","No pre-existing controlled identity/browser matrix supplied; audit forbids provisioning or external mutation","npm run build (273 static pages generated; route emitted)","src/app/(dashboard)/dashboard/financial/outcomes/page.tsx"
"/dashboard/financial/planning","page","Customer dashboard","authenticated/entitled","false","not exhaustively resolved","pass","blocked","No pre-existing controlled identity/browser matrix supplied; audit forbids provisioning or external mutation","npm run build (273 static pages generated; route emitted)","src/app/(dashboard)/dashboard/financial/planning/page.tsx"
"/dashboard/financial/profitability","page","Customer dashboard","authenticated/entitled","false","not exhaustively resolved","pass","blocked","No pre-existing controlled identity/browser matrix supplied; audit forbids provisioning or external mutation","npm run build (273 static pages generated; route emitted)","src/app/(dashboard)/dashboard/financial/profitability/page.tsx"
"/dashboard/furnishing","page","Furnishing Studio","authenticated/entitled","false","not exhaustively resolved","pass","blocked","No pre-existing controlled identity/browser matrix supplied; audit forbids provisioning or external mutation","npm run build (273 static pages generated; route emitted)","src/app/(dashboard)/dashboard/furnishing/page.tsx"
"/dashboard/furnishing/[section]","page","Furnishing Studio","authenticated/entitled","true","not exhaustively resolved","pass","blocked","No pre-existing controlled identity/browser matrix supplied; audit forbids provisioning or external mutation","npm run build (273 static pages generated; route emitted)","src/app/(dashboard)/dashboard/furnishing/[section]/page.tsx"
"/dashboard/furnishing/new","page","Furnishing Studio","authenticated/entitled","false","not exhaustively resolved","pass","blocked","No pre-existing controlled identity/browser matrix supplied; audit forbids provisioning or external mutation","npm run build (273 static pages generated; route emitted)","src/app/(dashboard)/dashboard/furnishing/new/page.tsx"
"/dashboard/furnishing/projects","page","Furnishing Studio","authenticated/entitled","false","not exhaustively resolved","pass","blocked","No pre-existing controlled identity/browser matrix supplied; audit forbids provisioning or external mutation","npm run build (273 static pages generated; route emitted)","src/app/(dashboard)/dashboard/furnishing/projects/page.tsx"
"/dashboard/furnishing/projects/[projectId]","page","Furnishing Studio","authenticated/entitled","true","not exhaustively resolved","pass","blocked","No pre-existing controlled identity/browser matrix supplied; audit forbids provisioning or external mutation","npm run build (273 static pages generated; route emitted)","src/app/(dashboard)/dashboard/furnishing/projects/[projectId]/page.tsx"
"/dashboard/furnishing/projects/[projectId]/installation","page","Furnishing Studio","authenticated/entitled","true","not exhaustively resolved","pass","blocked","No pre-existing controlled identity/browser matrix supplied; audit forbids provisioning or external mutation","npm run build (273 static pages generated; route emitted)","src/app/(dashboard)/dashboard/furnishing/projects/[projectId]/installation/page.tsx"
"/dashboard/furnishing/projects/[projectId]/procurement","page","Furnishing Studio","authenticated/entitled","true","not exhaustively resolved","pass","blocked","No pre-existing controlled identity/browser matrix supplied; audit forbids provisioning or external mutation","npm run build (273 static pages generated; route emitted)","src/app/(dashboard)/dashboard/furnishing/projects/[projectId]/procurement/page.tsx"
"/dashboard/furnishing/projects/new","page","Furnishing Studio","authenticated/entitled","false","not exhaustively resolved","pass","blocked","No pre-existing controlled identity/browser matrix supplied; audit forbids provisioning or external mutation","npm run build (273 static pages generated; route emitted)","src/app/(dashboard)/dashboard/furnishing/projects/new/page.tsx"
"/dashboard/guidebooks","page","Guidebook Studio","authenticated/entitled","false","not exhaustively resolved","pass","blocked","No pre-existing controlled identity/browser matrix supplied; audit forbids provisioning or external mutation","npm run build (273 static pages generated; route emitted)","src/app/(dashboard)/dashboard/guidebooks/page.tsx"
"/dashboard/guidebooks/[guidebookId]","page","Guidebook Studio","authenticated/entitled","true","not exhaustively resolved","pass","blocked","No pre-existing controlled identity/browser matrix supplied; audit forbids provisioning or external mutation","npm run build (273 static pages generated; route emitted)","src/app/(dashboard)/dashboard/guidebooks/[guidebookId]/page.tsx"
"/dashboard/guidebooks/[guidebookId]/analytics","page","Guidebook Studio","authenticated/entitled","true","not exhaustively resolved","pass","blocked","No pre-existing controlled identity/browser matrix supplied; audit forbids provisioning or external mutation","npm run build (273 static pages generated; route emitted)","src/app/(dashboard)/dashboard/guidebooks/[guidebookId]/analytics/page.tsx"
"/dashboard/guidebooks/[guidebookId]/compose","page","Guidebook Studio","authenticated/entitled","true","not exhaustively resolved","pass","blocked","No pre-existing controlled identity/browser matrix supplied; audit forbids provisioning or external mutation","npm run build (273 static pages generated; route emitted)","src/app/(dashboard)/dashboard/guidebooks/[guidebookId]/compose/page.tsx"
"/dashboard/guidebooks/[guidebookId]/edit","page","Guidebook Studio","authenticated/entitled","true","not exhaustively resolved","pass","blocked","No pre-existing controlled identity/browser matrix supplied; audit forbids provisioning or external mutation","npm run build (273 static pages generated; route emitted)","src/app/(dashboard)/dashboard/guidebooks/[guidebookId]/edit/page.tsx"
"/dashboard/guidebooks/[guidebookId]/improve","page","Guidebook Studio","authenticated/entitled","true","not exhaustively resolved","pass","blocked","No pre-existing controlled identity/browser matrix supplied; audit forbids provisioning or external mutation","npm run build (273 static pages generated; route emitted)","src/app/(dashboard)/dashboard/guidebooks/[guidebookId]/improve/page.tsx"
"/dashboard/guidebooks/[guidebookId]/preview","page","Guidebook Studio","authenticated/entitled","true","not exhaustively resolved","pass","blocked","No pre-existing controlled identity/browser matrix supplied; audit forbids provisioning or external mutation","npm run build (273 static pages generated; route emitted)","src/app/(dashboard)/dashboard/guidebooks/[guidebookId]/preview/page.tsx"
"/dashboard/guidebooks/[guidebookId]/publish","page","Guidebook Studio","authenticated/entitled","true","not exhaustively resolved","pass","blocked","No pre-existing controlled identity/browser matrix supplied; audit forbids provisioning or external mutation","npm run build (273 static pages generated; route emitted)","src/app/(dashboard)/dashboard/guidebooks/[guidebookId]/publish/page.tsx"
"/dashboard/guidebooks/[guidebookId]/settings","page","Guidebook Studio","authenticated/entitled","true","not exhaustively resolved","pass","blocked","No pre-existing controlled identity/browser matrix supplied; audit forbids provisioning or external mutation","npm run build (273 static pages generated; route emitted)","src/app/(dashboard)/dashboard/guidebooks/[guidebookId]/settings/page.tsx"
"/dashboard/guidebooks/[guidebookId]/setup","page","Guidebook Studio","authenticated/entitled","true","not exhaustively resolved","pass","blocked","No pre-existing controlled identity/browser matrix supplied; audit forbids provisioning or external mutation","npm run build (273 static pages generated; route emitted)","src/app/(dashboard)/dashboard/guidebooks/[guidebookId]/setup/page.tsx"
"/dashboard/guidebooks/[guidebookId]/share","page","Guidebook Studio","authenticated/entitled","true","not exhaustively resolved","pass","blocked","No pre-existing controlled identity/browser matrix supplied; audit forbids provisioning or external mutation","npm run build (273 static pages generated; route emitted)","src/app/(dashboard)/dashboard/guidebooks/[guidebookId]/share/page.tsx"
"/dashboard/guidebooks/[guidebookId]/share/qr","route-handler","Guidebook Studio","authenticated/entitled","true","not exhaustively resolved","pass","blocked","No pre-existing controlled identity/browser matrix supplied; audit forbids provisioning or external mutation","npm run build (273 static pages generated; route emitted)","src/app/(dashboard)/dashboard/guidebooks/[guidebookId]/share/qr/route.ts"
"/dashboard/guidebooks/[guidebookId]/versions","page","Guidebook Studio","authenticated/entitled","true","not exhaustively resolved","pass","blocked","No pre-existing controlled identity/browser matrix supplied; audit forbids provisioning or external mutation","npm run build (273 static pages generated; route emitted)","src/app/(dashboard)/dashboard/guidebooks/[guidebookId]/versions/page.tsx"
"/dashboard/guidebooks/[guidebookId]/versions/[versionId]/preview","page","Guidebook Studio","authenticated/entitled","true","not exhaustively resolved","pass","blocked","No pre-existing controlled identity/browser matrix supplied; audit forbids provisioning or external mutation","npm run build (273 static pages generated; route emitted)","src/app/(dashboard)/dashboard/guidebooks/[guidebookId]/versions/[versionId]/preview/page.tsx"
"/dashboard/guidebooks/new","page","Guidebook Studio","authenticated/entitled","false","not exhaustively resolved","pass","blocked","No pre-existing controlled identity/browser matrix supplied; audit forbids provisioning or external mutation","npm run build (273 static pages generated; route emitted)","src/app/(dashboard)/dashboard/guidebooks/new/page.tsx"
"/dashboard/hpm","page","HPM","authenticated/entitled","false","not exhaustively resolved","pass","blocked","No pre-existing controlled identity/browser matrix supplied; audit forbids provisioning or external mutation","npm run build (273 static pages generated; route emitted)","src/app/(dashboard)/dashboard/hpm/page.tsx"
"/dashboard/hpm/attention","page","HPM","authenticated/entitled","false","not exhaustively resolved","pass","blocked","No pre-existing controlled identity/browser matrix supplied; audit forbids provisioning or external mutation","npm run build (273 static pages generated; route emitted)","src/app/(dashboard)/dashboard/hpm/attention/page.tsx"
"/dashboard/hpm/lifecycle","page","HPM","authenticated/entitled","false","not exhaustively resolved","pass","blocked","No pre-existing controlled identity/browser matrix supplied; audit forbids provisioning or external mutation","npm run build (273 static pages generated; route emitted)","src/app/(dashboard)/dashboard/hpm/lifecycle/page.tsx"
"/dashboard/hpm/lifecycle/[threadId]","page","HPM","authenticated/entitled","true","not exhaustively resolved","pass","blocked","No pre-existing controlled identity/browser matrix supplied; audit forbids provisioning or external mutation","npm run build (273 static pages generated; route emitted)","src/app/(dashboard)/dashboard/hpm/lifecycle/[threadId]/page.tsx"
"/dashboard/hpm/operations","page","HPM","authenticated/entitled","false","not exhaustively resolved","pass","blocked","No pre-existing controlled identity/browser matrix supplied; audit forbids provisioning or external mutation","npm run build (273 static pages generated; route emitted)","src/app/(dashboard)/dashboard/hpm/operations/page.tsx"
"/dashboard/hpm/reports","page","HPM","authenticated/entitled","false","not exhaustively resolved","pass","blocked","No pre-existing controlled identity/browser matrix supplied; audit forbids provisioning or external mutation","npm run build (273 static pages generated; route emitted)","src/app/(dashboard)/dashboard/hpm/reports/page.tsx"
"/dashboard/hpm/reports/[reportKey]","page","HPM","authenticated/entitled","true","not exhaustively resolved","pass","blocked","No pre-existing controlled identity/browser matrix supplied; audit forbids provisioning or external mutation","npm run build (273 static pages generated; route emitted)","src/app/(dashboard)/dashboard/hpm/reports/[reportKey]/page.tsx"
"/dashboard/hpm/reports/[reportKey]/print","page","HPM","authenticated/entitled","true","not exhaustively resolved","pass","blocked","No pre-existing controlled identity/browser matrix supplied; audit forbids provisioning or external mutation","npm run build (273 static pages generated; route emitted)","src/app/(dashboard)/dashboard/hpm/reports/[reportKey]/print/page.tsx"
"/dashboard/insights","page","Customer dashboard","authenticated/entitled","false","not exhaustively resolved","pass","blocked","No pre-existing controlled identity/browser matrix supplied; audit forbids provisioning or external mutation","npm run build (273 static pages generated; route emitted)","src/app/(dashboard)/dashboard/insights/page.tsx"
"/dashboard/investments","page","Investment Intelligence","authenticated/entitled","false","not exhaustively resolved","pass","blocked","No pre-existing controlled identity/browser matrix supplied; audit forbids provisioning or external mutation","npm run build (273 static pages generated; route emitted)","src/app/(dashboard)/dashboard/investments/page.tsx"
"/dashboard/investments/new","page","Investment Intelligence","authenticated/entitled","false","not exhaustively resolved","pass","blocked","No pre-existing controlled identity/browser matrix supplied; audit forbids provisioning or external mutation","npm run build (273 static pages generated; route emitted)","src/app/(dashboard)/dashboard/investments/new/page.tsx"
"/dashboard/investments/opportunities","page","Investment Intelligence","authenticated/entitled","false","not exhaustively resolved","pass","blocked","No pre-existing controlled identity/browser matrix supplied; audit forbids provisioning or external mutation","npm run build (273 static pages generated; route emitted)","src/app/(dashboard)/dashboard/investments/opportunities/page.tsx"
"/dashboard/investments/opportunities/[id]","page","Investment Intelligence","authenticated/entitled","true","not exhaustively resolved","pass","blocked","No pre-existing controlled identity/browser matrix supplied; audit forbids provisioning or external mutation","npm run build (273 static pages generated; route emitted)","src/app/(dashboard)/dashboard/investments/opportunities/[id]/page.tsx"
"/dashboard/investments/opportunities/[id]/analyses/[analysisId]","page","Investment Intelligence","authenticated/entitled","true","not exhaustively resolved","pass","blocked","No pre-existing controlled identity/browser matrix supplied; audit forbids provisioning or external mutation","npm run build (273 static pages generated; route emitted)","src/app/(dashboard)/dashboard/investments/opportunities/[id]/analyses/[analysisId]/page.tsx"
"/dashboard/investments/opportunities/[id]/compare","page","Investment Intelligence","authenticated/entitled","true","not exhaustively resolved","pass","blocked","No pre-existing controlled identity/browser matrix supplied; audit forbids provisioning or external mutation","npm run build (273 static pages generated; route emitted)","src/app/(dashboard)/dashboard/investments/opportunities/[id]/compare/page.tsx"
"/dashboard/investments/opportunities/[id]/learning","page","Investment Intelligence","authenticated/entitled","true","not exhaustively resolved","pass","blocked","No pre-existing controlled identity/browser matrix supplied; audit forbids provisioning or external mutation","npm run build (273 static pages generated; route emitted)","src/app/(dashboard)/dashboard/investments/opportunities/[id]/learning/page.tsx"
"/dashboard/investments/opportunities/[id]/scenarios","page","Investment Intelligence","authenticated/entitled","true","not exhaustively resolved","pass","blocked","No pre-existing controlled identity/browser matrix supplied; audit forbids provisioning or external mutation","npm run build (273 static pages generated; route emitted)","src/app/(dashboard)/dashboard/investments/opportunities/[id]/scenarios/page.tsx"
"/dashboard/investments/opportunities/[id]/scenarios/[scenarioId]","page","Investment Intelligence","authenticated/entitled","true","not exhaustively resolved","pass","blocked","No pre-existing controlled identity/browser matrix supplied; audit forbids provisioning or external mutation","npm run build (273 static pages generated; route emitted)","src/app/(dashboard)/dashboard/investments/opportunities/[id]/scenarios/[scenarioId]/page.tsx"
"/dashboard/investments/opportunities/compare","page","Investment Intelligence","authenticated/entitled","false","not exhaustively resolved","pass","blocked","No pre-existing controlled identity/browser matrix supplied; audit forbids provisioning or external mutation","npm run build (273 static pages generated; route emitted)","src/app/(dashboard)/dashboard/investments/opportunities/compare/page.tsx"
"/dashboard/investments/portfolio","page","Investment Intelligence","authenticated/entitled","false","not exhaustively resolved","pass","blocked","No pre-existing controlled identity/browser matrix supplied; audit forbids provisioning or external mutation","npm run build (273 static pages generated; route emitted)","src/app/(dashboard)/dashboard/investments/portfolio/page.tsx"
"/dashboard/investments/portfolio/[id]","page","Investment Intelligence","authenticated/entitled","true","not exhaustively resolved","pass","blocked","No pre-existing controlled identity/browser matrix supplied; audit forbids provisioning or external mutation","npm run build (273 static pages generated; route emitted)","src/app/(dashboard)/dashboard/investments/portfolio/[id]/page.tsx"
"/dashboard/investments/portfolio/[id]/analyses/[analysisId]","page","Investment Intelligence","authenticated/entitled","true","not exhaustively resolved","pass","blocked","No pre-existing controlled identity/browser matrix supplied; audit forbids provisioning or external mutation","npm run build (273 static pages generated; route emitted)","src/app/(dashboard)/dashboard/investments/portfolio/[id]/analyses/[analysisId]/page.tsx"
"/dashboard/investments/portfolio/compare","page","Investment Intelligence","authenticated/entitled","false","not exhaustively resolved","pass","blocked","No pre-existing controlled identity/browser matrix supplied; audit forbids provisioning or external mutation","npm run build (273 static pages generated; route emitted)","src/app/(dashboard)/dashboard/investments/portfolio/compare/page.tsx"
"/dashboard/investments/reports","page","Investment Intelligence","authenticated/entitled","false","not exhaustively resolved","pass","blocked","No pre-existing controlled identity/browser matrix supplied; audit forbids provisioning or external mutation","npm run build (273 static pages generated; route emitted)","src/app/(dashboard)/dashboard/investments/reports/page.tsx"
"/dashboard/investments/reports/[reportId]","page","Investment Intelligence","authenticated/entitled","true","not exhaustively resolved","pass","blocked","No pre-existing controlled identity/browser matrix supplied; audit forbids provisioning or external mutation","npm run build (273 static pages generated; route emitted)","src/app/(dashboard)/dashboard/investments/reports/[reportId]/page.tsx"
"/dashboard/investments/scenarios","page","Investment Intelligence","authenticated/entitled","false","not exhaustively resolved","pass","blocked","No pre-existing controlled identity/browser matrix supplied; audit forbids provisioning or external mutation","npm run build (273 static pages generated; route emitted)","src/app/(dashboard)/dashboard/investments/scenarios/page.tsx"
"/dashboard/investments/settings","page","Investment Intelligence","authenticated/entitled","false","not exhaustively resolved","pass","blocked","No pre-existing controlled identity/browser matrix supplied; audit forbids provisioning or external mutation","npm run build (273 static pages generated; route emitted)","src/app/(dashboard)/dashboard/investments/settings/page.tsx"
"/dashboard/learn","page","Learn","authenticated/entitled","false","not exhaustively resolved","pass","blocked","No pre-existing controlled identity/browser matrix supplied; audit forbids provisioning or external mutation","npm run build (273 static pages generated; route emitted)","src/app/(dashboard)/dashboard/learn/page.tsx"
"/dashboard/learn/experiments","page","Learn","authenticated/entitled","false","not exhaustively resolved","pass","blocked","No pre-existing controlled identity/browser matrix supplied; audit forbids provisioning or external mutation","npm run build (273 static pages generated; route emitted)","src/app/(dashboard)/dashboard/learn/experiments/page.tsx"
"/dashboard/learn/improvement","page","Learn","authenticated/entitled","false","not exhaustively resolved","pass","blocked","No pre-existing controlled identity/browser matrix supplied; audit forbids provisioning or external mutation","npm run build (273 static pages generated; route emitted)","src/app/(dashboard)/dashboard/learn/improvement/page.tsx"
"/dashboard/learn/lessons","page","Learn","authenticated/entitled","false","not exhaustively resolved","pass","blocked","No pre-existing controlled identity/browser matrix supplied; audit forbids provisioning or external mutation","npm run build (273 static pages generated; route emitted)","src/app/(dashboard)/dashboard/learn/lessons/page.tsx"
"/dashboard/learn/lessons/[lessonId]","page","Learn","authenticated/entitled","true","not exhaustively resolved","pass","blocked","No pre-existing controlled identity/browser matrix supplied; audit forbids provisioning or external mutation","npm run build (273 static pages generated; route emitted)","src/app/(dashboard)/dashboard/learn/lessons/[lessonId]/page.tsx"
"/dashboard/learn/outcomes","page","Learn","authenticated/entitled","false","not exhaustively resolved","pass","blocked","No pre-existing controlled identity/browser matrix supplied; audit forbids provisioning or external mutation","npm run build (273 static pages generated; route emitted)","src/app/(dashboard)/dashboard/learn/outcomes/page.tsx"
"/dashboard/learn/outcomes/[reviewId]","page","Learn","authenticated/entitled","true","not exhaustively resolved","pass","blocked","No pre-existing controlled identity/browser matrix supplied; audit forbids provisioning or external mutation","npm run build (273 static pages generated; route emitted)","src/app/(dashboard)/dashboard/learn/outcomes/[reviewId]/page.tsx"
"/dashboard/learning","page","Learn","authenticated/entitled","false","not exhaustively resolved","pass","blocked","No pre-existing controlled identity/browser matrix supplied; audit forbids provisioning or external mutation","npm run build (273 static pages generated; route emitted)","src/app/(dashboard)/dashboard/learning/page.tsx"
"/dashboard/learning/candidates","page","Learn","authenticated/entitled","false","not exhaustively resolved","pass","blocked","No pre-existing controlled identity/browser matrix supplied; audit forbids provisioning or external mutation","npm run build (273 static pages generated; route emitted)","src/app/(dashboard)/dashboard/learning/candidates/page.tsx"
"/dashboard/learning/gaps","page","Learn","authenticated/entitled","false","not exhaustively resolved","pass","blocked","No pre-existing controlled identity/browser matrix supplied; audit forbids provisioning or external mutation","npm run build (273 static pages generated; route emitted)","src/app/(dashboard)/dashboard/learning/gaps/page.tsx"
"/dashboard/learning/health","page","Learn","authenticated/entitled","false","not exhaustively resolved","pass","blocked","No pre-existing controlled identity/browser matrix supplied; audit forbids provisioning or external mutation","npm run build (273 static pages generated; route emitted)","src/app/(dashboard)/dashboard/learning/health/page.tsx"
"/dashboard/learning/lessons","page","Learn","authenticated/entitled","false","not exhaustively resolved","pass","blocked","No pre-existing controlled identity/browser matrix supplied; audit forbids provisioning or external mutation","npm run build (273 static pages generated; route emitted)","src/app/(dashboard)/dashboard/learning/lessons/page.tsx"
"/dashboard/learning/lessons/[lessonId]","page","Learn","authenticated/entitled","true","not exhaustively resolved","pass","blocked","No pre-existing controlled identity/browser matrix supplied; audit forbids provisioning or external mutation","npm run build (273 static pages generated; route emitted)","src/app/(dashboard)/dashboard/learning/lessons/[lessonId]/page.tsx"
"/dashboard/learning/reviews","page","Learn","authenticated/entitled","false","not exhaustively resolved","pass","blocked","No pre-existing controlled identity/browser matrix supplied; audit forbids provisioning or external mutation","npm run build (273 static pages generated; route emitted)","src/app/(dashboard)/dashboard/learning/reviews/page.tsx"
"/dashboard/learning/reviews/[reviewId]","page","Learn","authenticated/entitled","true","not exhaustively resolved","pass","blocked","No pre-existing controlled identity/browser matrix supplied; audit forbids provisioning or external mutation","npm run build (273 static pages generated; route emitted)","src/app/(dashboard)/dashboard/learning/reviews/[reviewId]/page.tsx"
"/dashboard/learning/timeline","page","Learn","authenticated/entitled","false","not exhaustively resolved","pass","blocked","No pre-existing controlled identity/browser matrix supplied; audit forbids provisioning or external mutation","npm run build (273 static pages generated; route emitted)","src/app/(dashboard)/dashboard/learning/timeline/page.tsx"
"/dashboard/learning/workspace","page","Learn","authenticated/entitled","false","not exhaustively resolved","pass","blocked","No pre-existing controlled identity/browser matrix supplied; audit forbids provisioning or external mutation","npm run build (273 static pages generated; route emitted)","src/app/(dashboard)/dashboard/learning/workspace/page.tsx"
"/dashboard/observe","page","Customer dashboard","authenticated/entitled","false","not exhaustively resolved","pass","blocked","No pre-existing controlled identity/browser matrix supplied; audit forbids provisioning or external mutation","npm run build (273 static pages generated; route emitted)","src/app/(dashboard)/dashboard/observe/page.tsx"
"/dashboard/observe/financial","page","Customer dashboard","authenticated/entitled","false","not exhaustively resolved","pass","blocked","No pre-existing controlled identity/browser matrix supplied; audit forbids provisioning or external mutation","npm run build (273 static pages generated; route emitted)","src/app/(dashboard)/dashboard/observe/financial/page.tsx"
"/dashboard/observe/financial/cash-flow","page","Customer dashboard","authenticated/entitled","false","not exhaustively resolved","pass","blocked","No pre-existing controlled identity/browser matrix supplied; audit forbids provisioning or external mutation","npm run build (273 static pages generated; route emitted)","src/app/(dashboard)/dashboard/observe/financial/cash-flow/page.tsx"
"/dashboard/observe/financial/expenses","page","Customer dashboard","authenticated/entitled","false","not exhaustively resolved","pass","blocked","No pre-existing controlled identity/browser matrix supplied; audit forbids provisioning or external mutation","npm run build (273 static pages generated; route emitted)","src/app/(dashboard)/dashboard/observe/financial/expenses/page.tsx"
"/dashboard/observe/financial/forecast","page","Customer dashboard","authenticated/entitled","false","not exhaustively resolved","pass","blocked","No pre-existing controlled identity/browser matrix supplied; audit forbids provisioning or external mutation","npm run build (273 static pages generated; route emitted)","src/app/(dashboard)/dashboard/observe/financial/forecast/page.tsx"
"/dashboard/observe/revenue","page","Customer dashboard","authenticated/entitled","false","not exhaustively resolved","pass","blocked","No pre-existing controlled identity/browser matrix supplied; audit forbids provisioning or external mutation","npm run build (273 static pages generated; route emitted)","src/app/(dashboard)/dashboard/observe/revenue/page.tsx"
"/dashboard/onboarding","page","Customer dashboard","authenticated/entitled","false","not exhaustively resolved","pass","blocked","No pre-existing controlled identity/browser matrix supplied; audit forbids provisioning or external mutation","npm run build (273 static pages generated; route emitted)","src/app/(dashboard)/dashboard/onboarding/page.tsx"
"/dashboard/portfolio","page","Customer dashboard","authenticated/entitled","false","not exhaustively resolved","pass","blocked","No pre-existing controlled identity/browser matrix supplied; audit forbids provisioning or external mutation","npm run build (273 static pages generated; route emitted)","src/app/(dashboard)/dashboard/portfolio/page.tsx"
"/dashboard/portfolio/composition","page","Customer dashboard","authenticated/entitled","false","not exhaustively resolved","pass","blocked","No pre-existing controlled identity/browser matrix supplied; audit forbids provisioning or external mutation","npm run build (273 static pages generated; route emitted)","src/app/(dashboard)/dashboard/portfolio/composition/page.tsx"
"/dashboard/portfolio/decisions","page","Customer dashboard","authenticated/entitled","false","not exhaustively resolved","pass","blocked","No pre-existing controlled identity/browser matrix supplied; audit forbids provisioning or external mutation","npm run build (273 static pages generated; route emitted)","src/app/(dashboard)/dashboard/portfolio/decisions/page.tsx"
"/dashboard/portfolio/decisions/[decisionId]","page","Customer dashboard","authenticated/entitled","true","not exhaustively resolved","pass","blocked","No pre-existing controlled identity/browser matrix supplied; audit forbids provisioning or external mutation","npm run build (273 static pages generated; route emitted)","src/app/(dashboard)/dashboard/portfolio/decisions/[decisionId]/page.tsx"
"/dashboard/portfolio/outcomes","page","Customer dashboard","authenticated/entitled","false","not exhaustively resolved","pass","blocked","No pre-existing controlled identity/browser matrix supplied; audit forbids provisioning or external mutation","npm run build (273 static pages generated; route emitted)","src/app/(dashboard)/dashboard/portfolio/outcomes/page.tsx"
"/dashboard/portfolio/outcomes/[reviewId]","page","Customer dashboard","authenticated/entitled","true","not exhaustively resolved","pass","blocked","No pre-existing controlled identity/browser matrix supplied; audit forbids provisioning or external mutation","npm run build (273 static pages generated; route emitted)","src/app/(dashboard)/dashboard/portfolio/outcomes/[reviewId]/page.tsx"
"/dashboard/portfolio/properties","page","Customer dashboard","authenticated/entitled","false","not exhaustively resolved","pass","blocked","No pre-existing controlled identity/browser matrix supplied; audit forbids provisioning or external mutation","npm run build (273 static pages generated; route emitted)","src/app/(dashboard)/dashboard/portfolio/properties/page.tsx"
"/dashboard/portfolio/risk","page","Customer dashboard","authenticated/entitled","false","not exhaustively resolved","pass","blocked","No pre-existing controlled identity/browser matrix supplied; audit forbids provisioning or external mutation","npm run build (273 static pages generated; route emitted)","src/app/(dashboard)/dashboard/portfolio/risk/page.tsx"
"/dashboard/portfolio/workspace","page","Customer dashboard","authenticated/entitled","false","not exhaustively resolved","pass","blocked","No pre-existing controlled identity/browser matrix supplied; audit forbids provisioning or external mutation","npm run build (273 static pages generated; route emitted)","src/app/(dashboard)/dashboard/portfolio/workspace/page.tsx"
"/dashboard/reports","page","Reports","authenticated/entitled","false","not exhaustively resolved","pass","blocked","No pre-existing controlled identity/browser matrix supplied; audit forbids provisioning or external mutation","npm run build (273 static pages generated; route emitted)","src/app/(dashboard)/dashboard/reports/page.tsx"
"/dashboard/reports/[reportId]","page","Reports","authenticated/entitled","true","not exhaustively resolved","pass","blocked","No pre-existing controlled identity/browser matrix supplied; audit forbids provisioning or external mutation","npm run build (273 static pages generated; route emitted)","src/app/(dashboard)/dashboard/reports/[reportId]/page.tsx"
"/dashboard/reports/[reportId]/print","page","Reports","authenticated/entitled","true","not exhaustively resolved","pass","blocked","No pre-existing controlled identity/browser matrix supplied; audit forbids provisioning or external mutation","npm run build (273 static pages generated; route emitted)","src/app/(dashboard)/dashboard/reports/[reportId]/print/page.tsx"
"/dashboard/reports/[reportId]/share","page","Reports","authenticated/entitled","true","not exhaustively resolved","pass","blocked","No pre-existing controlled identity/browser matrix supplied; audit forbids provisioning or external mutation","npm run build (273 static pages generated; route emitted)","src/app/(dashboard)/dashboard/reports/[reportId]/share/page.tsx"
"/dashboard/reports/[reportId]/versions/[versionId]","page","Reports","authenticated/entitled","true","not exhaustively resolved","pass","blocked","No pre-existing controlled identity/browser matrix supplied; audit forbids provisioning or external mutation","npm run build (273 static pages generated; route emitted)","src/app/(dashboard)/dashboard/reports/[reportId]/versions/[versionId]/page.tsx"
"/dashboard/reports/compare","page","Reports","authenticated/entitled","false","not exhaustively resolved","pass","blocked","No pre-existing controlled identity/browser matrix supplied; audit forbids provisioning or external mutation","npm run build (273 static pages generated; route emitted)","src/app/(dashboard)/dashboard/reports/compare/page.tsx"
"/dashboard/reports/custom","page","Reports","authenticated/entitled","false","not exhaustively resolved","pass","blocked","No pre-existing controlled identity/browser matrix supplied; audit forbids provisioning or external mutation","npm run build (273 static pages generated; route emitted)","src/app/(dashboard)/dashboard/reports/custom/page.tsx"
"/dashboard/reports/executive","page","Reports","authenticated/entitled","false","not exhaustively resolved","pass","blocked","No pre-existing controlled identity/browser matrix supplied; audit forbids provisioning or external mutation","npm run build (273 static pages generated; route emitted)","src/app/(dashboard)/dashboard/reports/executive/page.tsx"
"/dashboard/reports/investment","page","Investment Intelligence","authenticated/entitled","false","not exhaustively resolved","pass","blocked","No pre-existing controlled identity/browser matrix supplied; audit forbids provisioning or external mutation","npm run build (273 static pages generated; route emitted)","src/app/(dashboard)/dashboard/reports/investment/page.tsx"
"/dashboard/reports/library","page","Reports","authenticated/entitled","false","not exhaustively resolved","pass","blocked","No pre-existing controlled identity/browser matrix supplied; audit forbids provisioning or external mutation","npm run build (273 static pages generated; route emitted)","src/app/(dashboard)/dashboard/reports/library/page.tsx"
"/dashboard/reports/new","page","Reports","authenticated/entitled","false","not exhaustively resolved","pass","blocked","No pre-existing controlled identity/browser matrix supplied; audit forbids provisioning or external mutation","npm run build (273 static pages generated; route emitted)","src/app/(dashboard)/dashboard/reports/new/page.tsx"
"/dashboard/reports/new/[definitionId]","page","Reports","authenticated/entitled","true","not exhaustively resolved","pass","blocked","No pre-existing controlled identity/browser matrix supplied; audit forbids provisioning or external mutation","npm run build (273 static pages generated; route emitted)","src/app/(dashboard)/dashboard/reports/new/[definitionId]/page.tsx"
"/dashboard/reports/operations","page","Reports","authenticated/entitled","false","not exhaustively resolved","pass","blocked","No pre-existing controlled identity/browser matrix supplied; audit forbids provisioning or external mutation","npm run build (273 static pages generated; route emitted)","src/app/(dashboard)/dashboard/reports/operations/page.tsx"
"/dashboard/reports/owner","page","Reports","authenticated/entitled","false","not exhaustively resolved","pass","blocked","No pre-existing controlled identity/browser matrix supplied; audit forbids provisioning or external mutation","npm run build (273 static pages generated; route emitted)","src/app/(dashboard)/dashboard/reports/owner/page.tsx"
"/dashboard/settings","page","Customer dashboard","authenticated/entitled","false","not exhaustively resolved","pass","blocked","No pre-existing controlled identity/browser matrix supplied; audit forbids provisioning or external mutation","npm run build (273 static pages generated; route emitted)","src/app/(dashboard)/dashboard/settings/page.tsx"
"/dashboard/setup","page","Customer dashboard","authenticated/entitled","false","not exhaustively resolved","pass","blocked","No pre-existing controlled identity/browser matrix supplied; audit forbids provisioning or external mutation","npm run build (273 static pages generated; route emitted)","src/app/(dashboard-setup)/dashboard/setup/page.tsx"
"/dashboard/setup/connect","page","Customer dashboard","authenticated/entitled","false","not exhaustively resolved","pass","blocked","No pre-existing controlled identity/browser matrix supplied; audit forbids provisioning or external mutation","npm run build (273 static pages generated; route emitted)","src/app/(dashboard-setup)/dashboard/setup/connect/page.tsx"
"/dashboard/setup/import","page","Customer dashboard","authenticated/entitled","false","not exhaustively resolved","pass","blocked","No pre-existing controlled identity/browser matrix supplied; audit forbids provisioning or external mutation","npm run build (273 static pages generated; route emitted)","src/app/(dashboard-setup)/dashboard/setup/import/page.tsx"
"/dashboard/setup/ready","page","Customer dashboard","authenticated/entitled","false","not exhaustively resolved","pass","blocked","No pre-existing controlled identity/browser matrix supplied; audit forbids provisioning or external mutation","npm run build (273 static pages generated; route emitted)","src/app/(dashboard-setup)/dashboard/setup/ready/page.tsx"
"/dashboard/setup/team","page","Customer dashboard","authenticated/entitled","false","not exhaustively resolved","pass","blocked","No pre-existing controlled identity/browser matrix supplied; audit forbids provisioning or external mutation","npm run build (273 static pages generated; route emitted)","src/app/(dashboard-setup)/dashboard/setup/team/page.tsx"
"/dashboard/setup/workspace","page","Customer dashboard","authenticated/entitled","false","not exhaustively resolved","pass","blocked","No pre-existing controlled identity/browser matrix supplied; audit forbids provisioning or external mutation","npm run build (273 static pages generated; route emitted)","src/app/(dashboard-setup)/dashboard/setup/workspace/page.tsx"
"/dashboard/understand","page","Customer dashboard","authenticated/entitled","false","not exhaustively resolved","pass","blocked","No pre-existing controlled identity/browser matrix supplied; audit forbids provisioning or external mutation","npm run build (273 static pages generated; route emitted)","src/app/(dashboard)/dashboard/understand/page.tsx"
"/dashboard/understand/actions","page","Customer dashboard","authenticated/entitled","false","not exhaustively resolved","pass","blocked","No pre-existing controlled identity/browser matrix supplied; audit forbids provisioning or external mutation","npm run build (273 static pages generated; route emitted)","src/app/(dashboard)/dashboard/understand/actions/page.tsx"
"/dashboard/understand/data-quality","page","Customer dashboard","authenticated/entitled","false","not exhaustively resolved","pass","blocked","No pre-existing controlled identity/browser matrix supplied; audit forbids provisioning or external mutation","npm run build (273 static pages generated; route emitted)","src/app/(dashboard)/dashboard/understand/data-quality/page.tsx"
"/dashboard/understand/executive","page","Customer dashboard","authenticated/entitled","false","not exhaustively resolved","pass","blocked","No pre-existing controlled identity/browser matrix supplied; audit forbids provisioning or external mutation","npm run build (273 static pages generated; route emitted)","src/app/(dashboard)/dashboard/understand/executive/page.tsx"
"/dashboard/understand/executive/health","page","Customer dashboard","authenticated/entitled","false","not exhaustively resolved","pass","blocked","No pre-existing controlled identity/browser matrix supplied; audit forbids provisioning or external mutation","npm run build (273 static pages generated; route emitted)","src/app/(dashboard)/dashboard/understand/executive/health/page.tsx"
"/dashboard/understand/executive/performance","page","Customer dashboard","authenticated/entitled","false","not exhaustively resolved","pass","blocked","No pre-existing controlled identity/browser matrix supplied; audit forbids provisioning or external mutation","npm run build (273 static pages generated; route emitted)","src/app/(dashboard)/dashboard/understand/executive/performance/page.tsx"
"/dashboard/understand/executive/risks","page","Customer dashboard","authenticated/entitled","false","not exhaustively resolved","pass","blocked","No pre-existing controlled identity/browser matrix supplied; audit forbids provisioning or external mutation","npm run build (273 static pages generated; route emitted)","src/app/(dashboard)/dashboard/understand/executive/risks/page.tsx"
"/dashboard/understand/health","page","Customer dashboard","authenticated/entitled","false","not exhaustively resolved","pass","blocked","No pre-existing controlled identity/browser matrix supplied; audit forbids provisioning or external mutation","npm run build (273 static pages generated; route emitted)","src/app/(dashboard)/dashboard/understand/health/page.tsx"
"/dashboard/understand/outcomes","page","Customer dashboard","authenticated/entitled","false","not exhaustively resolved","pass","blocked","No pre-existing controlled identity/browser matrix supplied; audit forbids provisioning or external mutation","npm run build (273 static pages generated; route emitted)","src/app/(dashboard)/dashboard/understand/outcomes/page.tsx"
"/dashboard/understand/performance","page","Customer dashboard","authenticated/entitled","false","not exhaustively resolved","pass","blocked","No pre-existing controlled identity/browser matrix supplied; audit forbids provisioning or external mutation","npm run build (273 static pages generated; route emitted)","src/app/(dashboard)/dashboard/understand/performance/page.tsx"
"/dashboard/understand/portfolio","page","Customer dashboard","authenticated/entitled","false","not exhaustively resolved","pass","blocked","No pre-existing controlled identity/browser matrix supplied; audit forbids provisioning or external mutation","npm run build (273 static pages generated; route emitted)","src/app/(dashboard)/dashboard/understand/portfolio/page.tsx"
"/dashboard/understand/portfolio/concentration","page","Customer dashboard","authenticated/entitled","false","not exhaustively resolved","pass","blocked","No pre-existing controlled identity/browser matrix supplied; audit forbids provisioning or external mutation","npm run build (273 static pages generated; route emitted)","src/app/(dashboard)/dashboard/understand/portfolio/concentration/page.tsx"
"/dashboard/understand/portfolio/properties","page","Customer dashboard","authenticated/entitled","false","not exhaustively resolved","pass","blocked","No pre-existing controlled identity/browser matrix supplied; audit forbids provisioning or external mutation","npm run build (273 static pages generated; route emitted)","src/app/(dashboard)/dashboard/understand/portfolio/properties/page.tsx"
"/dashboard/understand/risks","page","Customer dashboard","authenticated/entitled","false","not exhaustively resolved","pass","blocked","No pre-existing controlled identity/browser matrix supplied; audit forbids provisioning or external mutation","npm run build (273 static pages generated; route emitted)","src/app/(dashboard)/dashboard/understand/risks/page.tsx"
"/dashboard/workspace","page","Customer dashboard","authenticated/entitled","false","not exhaustively resolved","pass","blocked","No pre-existing controlled identity/browser matrix supplied; audit forbids provisioning or external mutation","npm run build (273 static pages generated; route emitted)","src/app/(dashboard)/dashboard/workspace/page.tsx"
"/dashboard/workspace/[section]","page","Customer dashboard","authenticated/entitled","true","not exhaustively resolved","pass","blocked","No pre-existing controlled identity/browser matrix supplied; audit forbids provisioning or external mutation","npm run build (273 static pages generated; route emitted)","src/app/(dashboard)/dashboard/workspace/[section]/page.tsx"
"/dashboard/workspace/connected-systems","page","Customer dashboard","authenticated/entitled","false","not exhaustively resolved","pass","blocked","No pre-existing controlled identity/browser matrix supplied; audit forbids provisioning or external mutation","npm run build (273 static pages generated; route emitted)","src/app/(dashboard)/dashboard/workspace/connected-systems/page.tsx"
"/dashboard/workspace/health","page","Customer dashboard","authenticated/entitled","false","not exhaustively resolved","pass","blocked","No pre-existing controlled identity/browser matrix supplied; audit forbids provisioning or external mutation","npm run build (273 static pages generated; route emitted)","src/app/(dashboard)/dashboard/workspace/health/page.tsx"
"/dashboard/workspace/notifications","page","Customer dashboard","authenticated/entitled","false","not exhaustively resolved","pass","blocked","No pre-existing controlled identity/browser matrix supplied; audit forbids provisioning or external mutation","npm run build (273 static pages generated; route emitted)","src/app/(dashboard)/dashboard/workspace/notifications/page.tsx"
"/dashboard/workspace/organization","page","Customer dashboard","authenticated/entitled","false","not exhaustively resolved","pass","blocked","No pre-existing controlled identity/browser matrix supplied; audit forbids provisioning or external mutation","npm run build (273 static pages generated; route emitted)","src/app/(dashboard)/dashboard/workspace/organization/page.tsx"
"/dashboard/workspace/preferences","page","Customer dashboard","authenticated/entitled","false","not exhaustively resolved","pass","blocked","No pre-existing controlled identity/browser matrix supplied; audit forbids provisioning or external mutation","npm run build (273 static pages generated; route emitted)","src/app/(dashboard)/dashboard/workspace/preferences/page.tsx"
"/dashboard/workspace/properties","page","Customer dashboard","authenticated/entitled","false","not exhaustively resolved","pass","blocked","No pre-existing controlled identity/browser matrix supplied; audit forbids provisioning or external mutation","npm run build (273 static pages generated; route emitted)","src/app/(dashboard)/dashboard/workspace/properties/page.tsx"
"/dashboard/workspace/team","page","Customer dashboard","authenticated/entitled","false","not exhaustively resolved","pass","blocked","No pre-existing controlled identity/browser matrix supplied; audit forbids provisioning or external mutation","npm run build (273 static pages generated; route emitted)","src/app/(dashboard)/dashboard/workspace/team/page.tsx"
"/dashboard/workspace/team/accept","page","Customer dashboard","authenticated/entitled","false","not exhaustively resolved","pass","blocked","No pre-existing controlled identity/browser matrix supplied; audit forbids provisioning or external mutation","npm run build (273 static pages generated; route emitted)","src/app/(dashboard)/dashboard/workspace/team/accept/page.tsx"
"/faq","page","Public marketing / portal","anonymous or route-specific","false","not exhaustively resolved","pass","blocked","No pre-existing controlled identity/browser matrix supplied; audit forbids provisioning or external mutation","npm run build (273 static pages generated; route emitted)","src/app/(marketing)/faq/page.tsx"
"/forgot-password","page","Authentication","anonymous or route-specific","false","not exhaustively resolved","pass","blocked","No pre-existing controlled identity/browser matrix supplied; audit forbids provisioning or external mutation","npm run build (273 static pages generated; route emitted)","src/app/(auth)/forgot-password/page.tsx"
"/furnishing","page","Furnishing Studio","anonymous or route-specific","false","not exhaustively resolved","pass","blocked","No pre-existing controlled identity/browser matrix supplied; audit forbids provisioning or external mutation","npm run build (273 static pages generated; route emitted)","src/app/(marketing)/furnishing/page.tsx"
"/furnishing/examples","page","Furnishing Studio","anonymous or route-specific","false","not exhaustively resolved","pass","blocked","No pre-existing controlled identity/browser matrix supplied; audit forbids provisioning or external mutation","npm run build (273 static pages generated; route emitted)","src/app/(marketing)/furnishing/examples/page.tsx"
"/furnishing/faq","page","Furnishing Studio","anonymous or route-specific","false","not exhaustively resolved","pass","blocked","No pre-existing controlled identity/browser matrix supplied; audit forbids provisioning or external mutation","npm run build (273 static pages generated; route emitted)","src/app/(marketing)/furnishing/faq/page.tsx"
"/furnishing/find-my-fit","page","Furnishing Studio","anonymous or route-specific","false","not exhaustively resolved","pass","blocked","No pre-existing controlled identity/browser matrix supplied; audit forbids provisioning or external mutation","npm run build (273 static pages generated; route emitted)","src/app/(marketing)/furnishing/find-my-fit/page.tsx"
"/furnishing/packages","page","Furnishing Studio","anonymous or route-specific","false","not exhaustively resolved","pass","blocked","No pre-existing controlled identity/browser matrix supplied; audit forbids provisioning or external mutation","npm run build (273 static pages generated; route emitted)","src/app/(marketing)/furnishing/packages/page.tsx"
"/furnishing/packages/[slug]","page","Furnishing Studio","anonymous or route-specific","true","not exhaustively resolved","pass","blocked","No pre-existing controlled identity/browser matrix supplied; audit forbids provisioning or external mutation","npm run build (273 static pages generated; route emitted)","src/app/(marketing)/furnishing/packages/[slug]/page.tsx"
"/furnishing/purchase/account","page","Furnishing Studio","anonymous or route-specific","false","not exhaustively resolved","pass","blocked","No pre-existing controlled identity/browser matrix supplied; audit forbids provisioning or external mutation","npm run build (273 static pages generated; route emitted)","src/app/(commerce)/furnishing/purchase/account/page.tsx"
"/furnishing/purchase/checkout","page","Furnishing Studio","anonymous or route-specific","false","not exhaustively resolved","pass","blocked","No pre-existing controlled identity/browser matrix supplied; audit forbids provisioning or external mutation","npm run build (273 static pages generated; route emitted)","src/app/(commerce)/furnishing/purchase/checkout/page.tsx"
"/furnishing/purchase/configure","page","Furnishing Studio","anonymous or route-specific","false","not exhaustively resolved","pass","blocked","No pre-existing controlled identity/browser matrix supplied; audit forbids provisioning or external mutation","npm run build (273 static pages generated; route emitted)","src/app/(commerce)/furnishing/purchase/configure/page.tsx"
"/furnishing/purchase/confirmed","page","Furnishing Studio","anonymous or route-specific","false","not exhaustively resolved","pass","blocked","No pre-existing controlled identity/browser matrix supplied; audit forbids provisioning or external mutation","npm run build (273 static pages generated; route emitted)","src/app/(commerce)/furnishing/purchase/confirmed/page.tsx"
"/furnishing/purchase/property","page","Furnishing Studio","anonymous or route-specific","false","not exhaustively resolved","pass","blocked","No pre-existing controlled identity/browser matrix supplied; audit forbids provisioning or external mutation","npm run build (273 static pages generated; route emitted)","src/app/(commerce)/furnishing/purchase/property/page.tsx"
"/furnishing/purchase/review","page","Furnishing Studio","anonymous or route-specific","false","not exhaustively resolved","pass","blocked","No pre-existing controlled identity/browser matrix supplied; audit forbids provisioning or external mutation","npm run build (273 static pages generated; route emitted)","src/app/(commerce)/furnishing/purchase/review/page.tsx"
"/furnishing/purchase/select","page","Furnishing Studio","anonymous or route-specific","false","not exhaustively resolved","pass","blocked","No pre-existing controlled identity/browser matrix supplied; audit forbids provisioning or external mutation","npm run build (273 static pages generated; route emitted)","src/app/(commerce)/furnishing/purchase/select/page.tsx"
"/furnishing/rooms","page","Furnishing Studio","anonymous or route-specific","false","not exhaustively resolved","pass","blocked","No pre-existing controlled identity/browser matrix supplied; audit forbids provisioning or external mutation","npm run build (273 static pages generated; route emitted)","src/app/(marketing)/furnishing/rooms/page.tsx"
"/g/[publicSlug]","page","Public marketing / portal","anonymous or route-specific","true","not exhaustively resolved","pass","blocked","No pre-existing controlled identity/browser matrix supplied; audit forbids provisioning or external mutation","npm run build (273 static pages generated; route emitted)","src/app/(public)/g/[publicSlug]/page.tsx"
"/get-started","page","Public marketing / portal","anonymous or route-specific","false","not exhaustively resolved","pass","blocked","No pre-existing controlled identity/browser matrix supplied; audit forbids provisioning or external mutation","npm run build (273 static pages generated; route emitted)","src/app/(marketing)/get-started/page.tsx"
"/guidebook-studio","page","Guidebook Studio","anonymous or route-specific","false","not exhaustively resolved","pass","blocked","No pre-existing controlled identity/browser matrix supplied; audit forbids provisioning or external mutation","npm run build (273 static pages generated; route emitted)","src/app/(marketing)/guidebook-studio/page.tsx"
"/guidebook-studio/examples","page","Guidebook Studio","anonymous or route-specific","false","not exhaustively resolved","pass","blocked","No pre-existing controlled identity/browser matrix supplied; audit forbids provisioning or external mutation","npm run build (273 static pages generated; route emitted)","src/app/(marketing)/guidebook-studio/examples/page.tsx"
"/guidebook-studio/faq","page","Guidebook Studio","anonymous or route-specific","false","not exhaustively resolved","pass","blocked","No pre-existing controlled identity/browser matrix supplied; audit forbids provisioning or external mutation","npm run build (273 static pages generated; route emitted)","src/app/(marketing)/guidebook-studio/faq/page.tsx"
"/guidebook-studio/find-my-fit","page","Guidebook Studio","anonymous or route-specific","false","not exhaustively resolved","pass","blocked","No pre-existing controlled identity/browser matrix supplied; audit forbids provisioning or external mutation","npm run build (273 static pages generated; route emitted)","src/app/(marketing)/guidebook-studio/find-my-fit/page.tsx"
"/guidebook-studio/packages","page","Guidebook Studio","anonymous or route-specific","false","not exhaustively resolved","pass","blocked","No pre-existing controlled identity/browser matrix supplied; audit forbids provisioning or external mutation","npm run build (273 static pages generated; route emitted)","src/app/(marketing)/guidebook-studio/packages/page.tsx"
"/guidebook-studio/packages/[slug]","page","Guidebook Studio","anonymous or route-specific","true","not exhaustively resolved","pass","blocked","No pre-existing controlled identity/browser matrix supplied; audit forbids provisioning or external mutation","npm run build (273 static pages generated; route emitted)","src/app/(marketing)/guidebook-studio/packages/[slug]/page.tsx"
"/guidebook-studio/purchase/account","page","Guidebook Studio","anonymous or route-specific","false","not exhaustively resolved","pass","blocked","No pre-existing controlled identity/browser matrix supplied; audit forbids provisioning or external mutation","npm run build (273 static pages generated; route emitted)","src/app/(commerce)/guidebook-studio/purchase/account/page.tsx"
"/guidebook-studio/purchase/checkout","page","Guidebook Studio","anonymous or route-specific","false","not exhaustively resolved","pass","blocked","No pre-existing controlled identity/browser matrix supplied; audit forbids provisioning or external mutation","npm run build (273 static pages generated; route emitted)","src/app/(commerce)/guidebook-studio/purchase/checkout/page.tsx"
"/guidebook-studio/purchase/configure","page","Guidebook Studio","anonymous or route-specific","false","not exhaustively resolved","pass","blocked","No pre-existing controlled identity/browser matrix supplied; audit forbids provisioning or external mutation","npm run build (273 static pages generated; route emitted)","src/app/(commerce)/guidebook-studio/purchase/configure/page.tsx"
"/guidebook-studio/purchase/confirmed","page","Guidebook Studio","anonymous or route-specific","false","not exhaustively resolved","pass","blocked","No pre-existing controlled identity/browser matrix supplied; audit forbids provisioning or external mutation","npm run build (273 static pages generated; route emitted)","src/app/(commerce)/guidebook-studio/purchase/confirmed/page.tsx"
"/guidebook-studio/purchase/property","page","Guidebook Studio","anonymous or route-specific","false","not exhaustively resolved","pass","blocked","No pre-existing controlled identity/browser matrix supplied; audit forbids provisioning or external mutation","npm run build (273 static pages generated; route emitted)","src/app/(commerce)/guidebook-studio/purchase/property/page.tsx"
"/guidebook-studio/purchase/review","page","Guidebook Studio","anonymous or route-specific","false","not exhaustively resolved","pass","blocked","No pre-existing controlled identity/browser matrix supplied; audit forbids provisioning or external mutation","npm run build (273 static pages generated; route emitted)","src/app/(commerce)/guidebook-studio/purchase/review/page.tsx"
"/guidebook-studio/purchase/select","page","Guidebook Studio","anonymous or route-specific","false","not exhaustively resolved","pass","blocked","No pre-existing controlled identity/browser matrix supplied; audit forbids provisioning or external mutation","npm run build (273 static pages generated; route emitted)","src/app/(commerce)/guidebook-studio/purchase/select/page.tsx"
"/guidebook-studio/templates","page","Guidebook Studio","anonymous or route-specific","false","not exhaustively resolved","pass","blocked","No pre-existing controlled identity/browser matrix supplied; audit forbids provisioning or external mutation","npm run build (273 static pages generated; route emitted)","src/app/(marketing)/guidebook-studio/templates/page.tsx"
"/guidebooks","page","Guidebook Studio","anonymous or route-specific","false","not exhaustively resolved","pass","blocked","No pre-existing controlled identity/browser matrix supplied; audit forbids provisioning or external mutation","npm run build (273 static pages generated; route emitted)","src/app/(portal)/guidebooks/page.tsx"
"/guidebooks/[guidebookId]/preview","page","Guidebook Studio","anonymous or route-specific","true","not exhaustively resolved","pass","blocked","No pre-existing controlled identity/browser matrix supplied; audit forbids provisioning or external mutation","npm run build (273 static pages generated; route emitted)","src/app/(dashboard)/guidebooks/[guidebookId]/preview/page.tsx"
"/guidebooks/[guidebookId]/qr","route-handler","Guidebook Studio","anonymous or route-specific","true","not exhaustively resolved","pass","blocked","No pre-existing controlled identity/browser matrix supplied; audit forbids provisioning or external mutation","npm run build (273 static pages generated; route emitted)","src/app/(dashboard)/guidebooks/[guidebookId]/qr/route.ts"
"/hpm","page","Public marketing / portal","anonymous or route-specific","false","not exhaustively resolved","pass","blocked","No pre-existing controlled identity/browser matrix supplied; audit forbids provisioning or external mutation","npm run build (273 static pages generated; route emitted)","src/app/(hpm)/hpm/page.tsx"
"/investment-intelligence","page","Investment Intelligence","anonymous or route-specific","false","not exhaustively resolved","pass","blocked","No pre-existing controlled identity/browser matrix supplied; audit forbids provisioning or external mutation","npm run build (273 static pages generated; route emitted)","src/app/(marketing)/investment-intelligence/page.tsx"
"/investment-intelligence/faq","page","Investment Intelligence","anonymous or route-specific","false","not exhaustively resolved","pass","blocked","No pre-existing controlled identity/browser matrix supplied; audit forbids provisioning or external mutation","npm run build (273 static pages generated; route emitted)","src/app/(marketing)/investment-intelligence/faq/page.tsx"
"/investment-intelligence/find-my-fit","page","Investment Intelligence","anonymous or route-specific","false","not exhaustively resolved","pass","blocked","No pre-existing controlled identity/browser matrix supplied; audit forbids provisioning or external mutation","npm run build (273 static pages generated; route emitted)","src/app/(marketing)/investment-intelligence/find-my-fit/page.tsx"
"/investment-intelligence/methodology","page","Investment Intelligence","anonymous or route-specific","false","not exhaustively resolved","pass","blocked","No pre-existing controlled identity/browser matrix supplied; audit forbids provisioning or external mutation","npm run build (273 static pages generated; route emitted)","src/app/(marketing)/investment-intelligence/methodology/page.tsx"
"/investment-intelligence/packages","page","Investment Intelligence","anonymous or route-specific","false","not exhaustively resolved","pass","blocked","No pre-existing controlled identity/browser matrix supplied; audit forbids provisioning or external mutation","npm run build (273 static pages generated; route emitted)","src/app/(marketing)/investment-intelligence/packages/page.tsx"
"/investment-intelligence/packages/[slug]","page","Investment Intelligence","anonymous or route-specific","true","not exhaustively resolved","pass","blocked","No pre-existing controlled identity/browser matrix supplied; audit forbids provisioning or external mutation","npm run build (273 static pages generated; route emitted)","src/app/(marketing)/investment-intelligence/packages/[slug]/page.tsx"
"/investment-intelligence/purchase/account","page","Investment Intelligence","anonymous or route-specific","false","not exhaustively resolved","pass","blocked","No pre-existing controlled identity/browser matrix supplied; audit forbids provisioning or external mutation","npm run build (273 static pages generated; route emitted)","src/app/(commerce)/investment-intelligence/purchase/account/page.tsx"
"/investment-intelligence/purchase/checkout","page","Investment Intelligence","anonymous or route-specific","false","not exhaustively resolved","pass","blocked","No pre-existing controlled identity/browser matrix supplied; audit forbids provisioning or external mutation","npm run build (273 static pages generated; route emitted)","src/app/(commerce)/investment-intelligence/purchase/checkout/page.tsx"
"/investment-intelligence/purchase/configure","page","Investment Intelligence","anonymous or route-specific","false","not exhaustively resolved","pass","blocked","No pre-existing controlled identity/browser matrix supplied; audit forbids provisioning or external mutation","npm run build (273 static pages generated; route emitted)","src/app/(commerce)/investment-intelligence/purchase/configure/page.tsx"
"/investment-intelligence/purchase/confirmed","page","Investment Intelligence","anonymous or route-specific","false","not exhaustively resolved","pass","blocked","No pre-existing controlled identity/browser matrix supplied; audit forbids provisioning or external mutation","npm run build (273 static pages generated; route emitted)","src/app/(commerce)/investment-intelligence/purchase/confirmed/page.tsx"
"/investment-intelligence/purchase/review","page","Investment Intelligence","anonymous or route-specific","false","not exhaustively resolved","pass","blocked","No pre-existing controlled identity/browser matrix supplied; audit forbids provisioning or external mutation","npm run build (273 static pages generated; route emitted)","src/app/(commerce)/investment-intelligence/purchase/review/page.tsx"
"/investment-intelligence/sample-reports","page","Investment Intelligence","anonymous or route-specific","false","not exhaustively resolved","pass","blocked","No pre-existing controlled identity/browser matrix supplied; audit forbids provisioning or external mutation","npm run build (273 static pages generated; route emitted)","src/app/(marketing)/investment-intelligence/sample-reports/page.tsx"
"/lead-magnet","page","Public marketing / portal","anonymous or route-specific","false","not exhaustively resolved","pass","blocked","No pre-existing controlled identity/browser matrix supplied; audit forbids provisioning or external mutation","npm run build (273 static pages generated; route emitted)","src/app/(marketing)/lead-magnet/page.tsx"
"/login","page","Authentication","anonymous or route-specific","false","not exhaustively resolved","pass","blocked","No pre-existing controlled identity/browser matrix supplied; audit forbids provisioning or external mutation","npm run build (273 static pages generated; route emitted)","src/app/(auth)/login/page.tsx"
"/messages","page","Public marketing / portal","anonymous or route-specific","false","not exhaustively resolved","pass","blocked","No pre-existing controlled identity/browser matrix supplied; audit forbids provisioning or external mutation","npm run build (273 static pages generated; route emitted)","src/app/(portal)/messages/page.tsx"
"/notary","page","Public marketing / portal","anonymous or route-specific","false","not exhaustively resolved","pass","blocked","No pre-existing controlled identity/browser matrix supplied; audit forbids provisioning or external mutation","npm run build (273 static pages generated; route emitted)","src/app/(marketing)/notary/page.tsx"
"/owners","page","Public marketing / portal","anonymous or route-specific","false","not exhaustively resolved","pass","blocked","No pre-existing controlled identity/browser matrix supplied; audit forbids provisioning or external mutation","npm run build (273 static pages generated; route emitted)","src/app/(marketing)/owners/page.tsx"
"/packages","page","Public marketing / portal","anonymous or route-specific","false","not exhaustively resolved","pass","blocked","No pre-existing controlled identity/browser matrix supplied; audit forbids provisioning or external mutation","npm run build (273 static pages generated; route emitted)","src/app/(marketing)/packages/page.tsx"
"/packages/[slug]","page","Public marketing / portal","anonymous or route-specific","true","not exhaustively resolved","pass","blocked","No pre-existing controlled identity/browser matrix supplied; audit forbids provisioning or external mutation","npm run build (273 static pages generated; route emitted)","src/app/(marketing)/packages/[slug]/page.tsx"
"/performance","page","Public marketing / portal","anonymous or route-specific","false","not exhaustively resolved","pass","blocked","No pre-existing controlled identity/browser matrix supplied; audit forbids provisioning or external mutation","npm run build (273 static pages generated; route emitted)","src/app/(marketing)/performance/page.tsx"
"/performance/overview","page","Public marketing / portal","anonymous or route-specific","false","not exhaustively resolved","pass","blocked","No pre-existing controlled identity/browser matrix supplied; audit forbids provisioning or external mutation","npm run build (273 static pages generated; route emitted)","src/app/(marketing)/performance/overview/page.tsx"
"/performance/plans","page","Public marketing / portal","anonymous or route-specific","false","not exhaustively resolved","pass","blocked","No pre-existing controlled identity/browser matrix supplied; audit forbids provisioning or external mutation","npm run build (273 static pages generated; route emitted)","src/app/(marketing)/performance/plans/page.tsx"
"/performance/plans/[planSlug]","page","Public marketing / portal","anonymous or route-specific","true","not exhaustively resolved","pass","blocked","No pre-existing controlled identity/browser matrix supplied; audit forbids provisioning or external mutation","npm run build (273 static pages generated; route emitted)","src/app/(marketing)/performance/plans/[planSlug]/page.tsx"
"/platform","page","Public marketing / portal","anonymous or route-specific","false","not exhaustively resolved","pass","blocked","No pre-existing controlled identity/browser matrix supplied; audit forbids provisioning or external mutation","npm run build (273 static pages generated; route emitted)","src/app/(marketing)/platform/page.tsx"
"/platform/[journey]","page","Public marketing / portal","anonymous or route-specific","true","not exhaustively resolved","pass","blocked","No pre-existing controlled identity/browser matrix supplied; audit forbids provisioning or external mutation","npm run build (273 static pages generated; route emitted)","src/app/(marketing)/platform/[journey]/page.tsx"
"/platform/[journey]/[step]","page","Public marketing / portal","anonymous or route-specific","true","not exhaustively resolved","pass","blocked","No pre-existing controlled identity/browser matrix supplied; audit forbids provisioning or external mutation","npm run build (273 static pages generated; route emitted)","src/app/(marketing)/platform/[journey]/[step]/page.tsx"
"/pricing","page","Public marketing / portal","anonymous or route-specific","false","not exhaustively resolved","pass","blocked","No pre-existing controlled identity/browser matrix supplied; audit forbids provisioning or external mutation","npm run build (273 static pages generated; route emitted)","src/app/(public)/pricing/page.tsx"
"/privacy","page","Public marketing / portal","anonymous or route-specific","false","not exhaustively resolved","pass","blocked","No pre-existing controlled identity/browser matrix supplied; audit forbids provisioning or external mutation","npm run build (273 static pages generated; route emitted)","src/app/(marketing)/privacy/page.tsx"
"/products","page","Public marketing / portal","anonymous or route-specific","false","not exhaustively resolved","pass","blocked","No pre-existing controlled identity/browser matrix supplied; audit forbids provisioning or external mutation","npm run build (273 static pages generated; route emitted)","src/app/(public)/products/page.tsx"
"/products/[slug]","page","Public marketing / portal","anonymous or route-specific","true","not exhaustively resolved","pass","blocked","No pre-existing controlled identity/browser matrix supplied; audit forbids provisioning or external mutation","npm run build (273 static pages generated; route emitted)","src/app/(public)/products/[slug]/page.tsx"
"/properties","page","Public marketing / portal","anonymous or route-specific","false","not exhaustively resolved","pass","blocked","No pre-existing controlled identity/browser matrix supplied; audit forbids provisioning or external mutation","npm run build (273 static pages generated; route emitted)","src/app/(portal)/properties/page.tsx"
"/register","page","Authentication","anonymous or route-specific","false","not exhaustively resolved","pass","blocked","No pre-existing controlled identity/browser matrix supplied; audit forbids provisioning or external mutation","npm run build (273 static pages generated; route emitted)","src/app/(auth)/register/page.tsx"
"/reports","page","Reports","anonymous or route-specific","false","not exhaustively resolved","pass","blocked","No pre-existing controlled identity/browser matrix supplied; audit forbids provisioning or external mutation","npm run build (273 static pages generated; route emitted)","src/app/(portal)/reports/page.tsx"
"/reports/shared/[token]","page","Reports","anonymous or route-specific","true","not exhaustively resolved","pass","blocked","No pre-existing controlled identity/browser matrix supplied; audit forbids provisioning or external mutation","npm run build (273 static pages generated; route emitted)","src/app/(public)/reports/shared/[token]/page.tsx"
"/resources","page","Public marketing / portal","anonymous or route-specific","false","not exhaustively resolved","pass","blocked","No pre-existing controlled identity/browser matrix supplied; audit forbids provisioning or external mutation","npm run build (273 static pages generated; route emitted)","src/app/(marketing)/resources/page.tsx"
"/resources/insights","page","Public marketing / portal","anonymous or route-specific","false","not exhaustively resolved","pass","blocked","No pre-existing controlled identity/browser matrix supplied; audit forbids provisioning or external mutation","npm run build (273 static pages generated; route emitted)","src/app/(marketing)/resources/insights/page.tsx"
"/resources/insights/[slug]","page","Public marketing / portal","anonymous or route-specific","true","not exhaustively resolved","pass","blocked","No pre-existing controlled identity/browser matrix supplied; audit forbids provisioning or external mutation","npm run build (273 static pages generated; route emitted)","src/app/(marketing)/resources/insights/[slug]/page.tsx"
"/resources/market-reports","page","Public marketing / portal","anonymous or route-specific","false","not exhaustively resolved","pass","blocked","No pre-existing controlled identity/browser matrix supplied; audit forbids provisioning or external mutation","npm run build (273 static pages generated; route emitted)","src/app/(marketing)/resources/market-reports/page.tsx"
"/resources/playbooks","page","Public marketing / portal","anonymous or route-specific","false","not exhaustively resolved","pass","blocked","No pre-existing controlled identity/browser matrix supplied; audit forbids provisioning or external mutation","npm run build (273 static pages generated; route emitted)","src/app/(marketing)/resources/playbooks/page.tsx"
"/resources/str-revenue-readiness-checklist","page","Public marketing / portal","anonymous or route-specific","false","not exhaustively resolved","pass","blocked","No pre-existing controlled identity/browser matrix supplied; audit forbids provisioning or external mutation","npm run build (273 static pages generated; route emitted)","src/app/(marketing)/resources/str-revenue-readiness-checklist/page.tsx"
"/resources/templates","page","Public marketing / portal","anonymous or route-specific","false","not exhaustively resolved","pass","blocked","No pre-existing controlled identity/browser matrix supplied; audit forbids provisioning or external mutation","npm run build (273 static pages generated; route emitted)","src/app/(marketing)/resources/templates/page.tsx"
"/services","page","Public marketing / portal","anonymous or route-specific","false","not exhaustively resolved","pass","blocked","No pre-existing controlled identity/browser matrix supplied; audit forbids provisioning or external mutation","npm run build (273 static pages generated; route emitted)","src/app/(marketing)/services/page.tsx"
"/shared/investment-report/[shareId]/[secret]","page","Investment Intelligence","anonymous or route-specific","true","not exhaustively resolved","pass","blocked","No pre-existing controlled identity/browser matrix supplied; audit forbids provisioning or external mutation","npm run build (273 static pages generated; route emitted)","src/app/(public)/shared/investment-report/[shareId]/[secret]/page.tsx"
"/shared/investment-report/[shareId]/[secret]/pdf","route-handler","Investment Intelligence","anonymous or route-specific","true","not exhaustively resolved","pass","blocked","No pre-existing controlled identity/browser matrix supplied; audit forbids provisioning or external mutation","npm run build (273 static pages generated; route emitted)","src/app/(public)/shared/investment-report/[shareId]/[secret]/pdf/route.ts"
"/solutions","page","Public marketing / portal","anonymous or route-specific","false","not exhaustively resolved","pass","blocked","No pre-existing controlled identity/browser matrix supplied; audit forbids provisioning or external mutation","npm run build (273 static pages generated; route emitted)","src/app/(marketing)/solutions/page.tsx"
"/solutions/[solutionSlug]","page","Public marketing / portal","anonymous or route-specific","true","not exhaustively resolved","pass","blocked","No pre-existing controlled identity/browser matrix supplied; audit forbids provisioning or external mutation","npm run build (273 static pages generated; route emitted)","src/app/(marketing)/solutions/[solutionSlug]/page.tsx"
"/stay/[slug]","page","Public marketing / portal","anonymous or route-specific","true","not exhaustively resolved","pass","blocked","No pre-existing controlled identity/browser matrix supplied; audit forbids provisioning or external mutation","npm run build (273 static pages generated; route emitted)","src/app/(public)/stay/[slug]/page.tsx"
"/stays","page","Public marketing / portal","anonymous or route-specific","false","not exhaustively resolved","pass","blocked","No pre-existing controlled identity/browser matrix supplied; audit forbids provisioning or external mutation","npm run build (273 static pages generated; route emitted)","src/app/(marketing)/stays/page.tsx"
"/stays/[slug]","page","Public marketing / portal","anonymous or route-specific","true","not exhaustively resolved","pass","blocked","No pre-existing controlled identity/browser matrix supplied; audit forbids provisioning or external mutation","npm run build (273 static pages generated; route emitted)","src/app/(marketing)/stays/[slug]/page.tsx"
"/store","page","Public marketing / portal","anonymous or route-specific","false","not exhaustively resolved","pass","blocked","No pre-existing controlled identity/browser matrix supplied; audit forbids provisioning or external mutation","npm run build (273 static pages generated; route emitted)","src/app/(marketing)/store/page.tsx"
"/store/[slug]","page","Public marketing / portal","anonymous or route-specific","true","not exhaustively resolved","pass","blocked","No pre-existing controlled identity/browser matrix supplied; audit forbids provisioning or external mutation","npm run build (273 static pages generated; route emitted)","src/app/(marketing)/store/[slug]/page.tsx"
"/terms","page","Public marketing / portal","anonymous or route-specific","false","not exhaustively resolved","pass","blocked","No pre-existing controlled identity/browser matrix supplied; audit forbids provisioning or external mutation","npm run build (273 static pages generated; route emitted)","src/app/(marketing)/terms/page.tsx"
"/update-password","page","Authentication","anonymous or route-specific","false","not exhaustively resolved","pass","blocked","No pre-existing controlled identity/browser matrix supplied; audit forbids provisioning or external mutation","npm run build (273 static pages generated; route emitted)","src/app/(auth)/update-password/page.tsx"
