route,area,role,viewport,control_type,discovered_count,expected,actual,result,evidence,source,related_tests,defect_id
"/","Public marketing / portal","anonymous or route-specific","desktop + mobile required","link","10","Correct UI, authorization, persistence, telemetry, and downstream effect","Not browser-exercised","untested","Static JSX discovery only","src/app/(marketing)/page.tsx","Repository suite; no route-level browser evidence","BLK-001"
"/about","Public marketing / portal","anonymous or route-specific","desktop + mobile required","link","6","Correct UI, authorization, persistence, telemetry, and downstream effect","Not browser-exercised","untested","Static JSX discovery only","src/app/(marketing)/about/page.tsx","Repository suite; no route-level browser evidence","BLK-001"
"/admin","Admin","admin","desktop + mobile required","link","1","Correct UI, authorization, persistence, telemetry, and downstream effect","Not browser-exercised","untested","Static JSX discovery only","src/app/(admin)/admin/page.tsx","Repository suite; no route-level browser evidence","BLK-001"
"/admin/activations","Admin","admin","desktop + mobile required","link","2","Correct UI, authorization, persistence, telemetry, and downstream effect","Not browser-exercised","untested","Static JSX discovery only","src/app/(admin)/admin/activations/page.tsx","Repository suite; no route-level browser evidence","BLK-001"
"/admin/activations/[customerAccountId]","Admin","admin","desktop + mobile required","link","1","Correct UI, authorization, persistence, telemetry, and downstream effect","Not browser-exercised","untested","Static JSX discovery only","src/app/(admin)/admin/activations/[customerAccountId]/page.tsx","Repository suite; no route-level browser evidence","BLK-001"
"/admin/commerce","Admin","admin","desktop + mobile required","link","10","Correct UI, authorization, persistence, telemetry, and downstream effect","Not browser-exercised","untested","Static JSX discovery only","src/app/(admin)/admin/commerce/page.tsx","Repository suite; no route-level browser evidence","BLK-001"
"/admin/commerce/entitlements","Admin","admin","desktop + mobile required","form","1","Correct UI, authorization, persistence, telemetry, and downstream effect","Not browser-exercised","untested","Static JSX discovery only","src/app/(admin)/admin/commerce/entitlements/page.tsx","Repository suite; no route-level browser evidence","BLK-001"
"/admin/commerce/entitlements","Admin","admin","desktop + mobile required","input","3","Correct UI, authorization, persistence, telemetry, and downstream effect","Not browser-exercised","untested","Static JSX discovery only","src/app/(admin)/admin/commerce/entitlements/page.tsx","Repository suite; no route-level browser evidence","BLK-001"
"/admin/commerce/entitlements","Admin","admin","desktop + mobile required","select","1","Correct UI, authorization, persistence, telemetry, and downstream effect","Not browser-exercised","untested","Static JSX discovery only","src/app/(admin)/admin/commerce/entitlements/page.tsx","Repository suite; no route-level browser evidence","BLK-001"
"/admin/commerce/entitlements","Admin","admin","desktop + mobile required","button","1","Correct UI, authorization, persistence, telemetry, and downstream effect","Not browser-exercised","untested","Static JSX discovery only","src/app/(admin)/admin/commerce/entitlements/page.tsx","Repository suite; no route-level browser evidence","BLK-001"
"/admin/commerce/fulfillment","Admin","admin","desktop + mobile required","form","1","Correct UI, authorization, persistence, telemetry, and downstream effect","Not browser-exercised","untested","Static JSX discovery only","src/app/(admin)/admin/commerce/fulfillment/page.tsx","Repository suite; no route-level browser evidence","BLK-001"
"/admin/commerce/fulfillment","Admin","admin","desktop + mobile required","input","1","Correct UI, authorization, persistence, telemetry, and downstream effect","Not browser-exercised","untested","Static JSX discovery only","src/app/(admin)/admin/commerce/fulfillment/page.tsx","Repository suite; no route-level browser evidence","BLK-001"
"/admin/commerce/fulfillment","Admin","admin","desktop + mobile required","button","1","Correct UI, authorization, persistence, telemetry, and downstream effect","Not browser-exercised","untested","Static JSX discovery only","src/app/(admin)/admin/commerce/fulfillment/page.tsx","Repository suite; no route-level browser evidence","BLK-001"
"/admin/commerce/health","Admin","admin","desktop + mobile required","form","2","Correct UI, authorization, persistence, telemetry, and downstream effect","Not browser-exercised","untested","Static JSX discovery only","src/app/(admin)/admin/commerce/health/page.tsx","Repository suite; no route-level browser evidence","BLK-001"
"/admin/commerce/health","Admin","admin","desktop + mobile required","button","2","Correct UI, authorization, persistence, telemetry, and downstream effect","Not browser-exercised","untested","Static JSX discovery only","src/app/(admin)/admin/commerce/health/page.tsx","Repository suite; no route-level browser evidence","BLK-001"
"/admin/commerce/health","Admin","admin","desktop + mobile required","link","2","Correct UI, authorization, persistence, telemetry, and downstream effect","Not browser-exercised","untested","Static JSX discovery only","src/app/(admin)/admin/commerce/health/page.tsx","Repository suite; no route-level browser evidence","BLK-001"
"/admin/commerce/health","Admin","admin","desktop + mobile required","select","2","Correct UI, authorization, persistence, telemetry, and downstream effect","Not browser-exercised","untested","Static JSX discovery only","src/app/(admin)/admin/commerce/health/page.tsx","Repository suite; no route-level browser evidence","BLK-001"
"/admin/commerce/health","Admin","admin","desktop + mobile required","input","1","Correct UI, authorization, persistence, telemetry, and downstream effect","Not browser-exercised","untested","Static JSX discovery only","src/app/(admin)/admin/commerce/health/page.tsx","Repository suite; no route-level browser evidence","BLK-001"
"/admin/commerce/health","Admin","admin","desktop + mobile required","textarea","1","Correct UI, authorization, persistence, telemetry, and downstream effect","Not browser-exercised","untested","Static JSX discovery only","src/app/(admin)/admin/commerce/health/page.tsx","Repository suite; no route-level browser evidence","BLK-001"
"/admin/commerce/invoices","Admin","admin","desktop + mobile required","a","1","Correct UI, authorization, persistence, telemetry, and downstream effect","Not browser-exercised","untested","Static JSX discovery only","src/app/(admin)/admin/commerce/invoices/page.tsx","Repository suite; no route-level browser evidence","BLK-001"
"/admin/commerce/orders","Admin","admin","desktop + mobile required","link","1","Correct UI, authorization, persistence, telemetry, and downstream effect","Not browser-exercised","untested","Static JSX discovery only","src/app/(admin)/admin/commerce/orders/page.tsx","Repository suite; no route-level browser evidence","BLK-001"
"/admin/commerce/payments","Admin","admin","desktop + mobile required","link","1","Correct UI, authorization, persistence, telemetry, and downstream effect","Not browser-exercised","untested","Static JSX discovery only","src/app/(admin)/admin/commerce/payments/page.tsx","Repository suite; no route-level browser evidence","BLK-001"
"/admin/commerce/webhooks","Admin","admin","desktop + mobile required","link","1","Correct UI, authorization, persistence, telemetry, and downstream effect","Not browser-exercised","untested","Static JSX discovery only","src/app/(admin)/admin/commerce/webhooks/page.tsx","Repository suite; no route-level browser evidence","BLK-001"
"/admin/commerce/webhooks","Admin","admin","desktop + mobile required","form","1","Correct UI, authorization, persistence, telemetry, and downstream effect","Not browser-exercised","untested","Static JSX discovery only","src/app/(admin)/admin/commerce/webhooks/page.tsx","Repository suite; no route-level browser evidence","BLK-001"
"/admin/commerce/webhooks","Admin","admin","desktop + mobile required","input","1","Correct UI, authorization, persistence, telemetry, and downstream effect","Not browser-exercised","untested","Static JSX discovery only","src/app/(admin)/admin/commerce/webhooks/page.tsx","Repository suite; no route-level browser evidence","BLK-001"
"/admin/commerce/webhooks","Admin","admin","desktop + mobile required","button","1","Correct UI, authorization, persistence, telemetry, and downstream effect","Not browser-exercised","untested","Static JSX discovery only","src/app/(admin)/admin/commerce/webhooks/page.tsx","Repository suite; no route-level browser evidence","BLK-001"
"/admin/guidebooks/[guidebookId]","Admin","admin","desktop + mobile required","link","5","Correct UI, authorization, persistence, telemetry, and downstream effect","Not browser-exercised","untested","Static JSX discovery only","src/app/(admin)/admin/guidebooks/[guidebookId]/page.tsx","Repository suite; no route-level browser evidence","BLK-001"
"/admin/guidebooks/components/new","Admin","admin","desktop + mobile required","link","2","Correct UI, authorization, persistence, telemetry, and downstream effect","Not browser-exercised","untested","Static JSX discovery only","src/app/(admin)/admin/guidebooks/components/new/page.tsx","Repository suite; no route-level browser evidence","BLK-001"
"/admin/guidebooks/components/new","Admin","admin","desktop + mobile required","form","1","Correct UI, authorization, persistence, telemetry, and downstream effect","Not browser-exercised","untested","Static JSX discovery only","src/app/(admin)/admin/guidebooks/components/new/page.tsx","Repository suite; no route-level browser evidence","BLK-001"
"/admin/guidebooks/components/new","Admin","admin","desktop + mobile required","input","2","Correct UI, authorization, persistence, telemetry, and downstream effect","Not browser-exercised","untested","Static JSX discovery only","src/app/(admin)/admin/guidebooks/components/new/page.tsx","Repository suite; no route-level browser evidence","BLK-001"
"/admin/guidebooks/components/new","Admin","admin","desktop + mobile required","select","1","Correct UI, authorization, persistence, telemetry, and downstream effect","Not browser-exercised","untested","Static JSX discovery only","src/app/(admin)/admin/guidebooks/components/new/page.tsx","Repository suite; no route-level browser evidence","BLK-001"
"/admin/guidebooks/components/new","Admin","admin","desktop + mobile required","textarea","1","Correct UI, authorization, persistence, telemetry, and downstream effect","Not browser-exercised","untested","Static JSX discovery only","src/app/(admin)/admin/guidebooks/components/new/page.tsx","Repository suite; no route-level browser evidence","BLK-001"
"/admin/guidebooks/components/new","Admin","admin","desktop + mobile required","button","1","Correct UI, authorization, persistence, telemetry, and downstream effect","Not browser-exercised","untested","Static JSX discovery only","src/app/(admin)/admin/guidebooks/components/new/page.tsx","Repository suite; no route-level browser evidence","BLK-001"
"/admin/guidebooks/new","Admin","admin","desktop + mobile required","link","8","Correct UI, authorization, persistence, telemetry, and downstream effect","Not browser-exercised","untested","Static JSX discovery only","src/app/(admin)/admin/guidebooks/new/page.tsx","Repository suite; no route-level browser evidence","BLK-001"
"/admin/guidebooks/new","Admin","admin","desktop + mobile required","form","3","Correct UI, authorization, persistence, telemetry, and downstream effect","Not browser-exercised","untested","Static JSX discovery only","src/app/(admin)/admin/guidebooks/new/page.tsx","Repository suite; no route-level browser evidence","BLK-001"
"/admin/guidebooks/new","Admin","admin","desktop + mobile required","input","14","Correct UI, authorization, persistence, telemetry, and downstream effect","Not browser-exercised","untested","Static JSX discovery only","src/app/(admin)/admin/guidebooks/new/page.tsx","Repository suite; no route-level browser evidence","BLK-001"
"/admin/guidebooks/new","Admin","admin","desktop + mobile required","select","5","Correct UI, authorization, persistence, telemetry, and downstream effect","Not browser-exercised","untested","Static JSX discovery only","src/app/(admin)/admin/guidebooks/new/page.tsx","Repository suite; no route-level browser evidence","BLK-001"
"/admin/guidebooks/new","Admin","admin","desktop + mobile required","button","2","Correct UI, authorization, persistence, telemetry, and downstream effect","Not browser-exercised","untested","Static JSX discovery only","src/app/(admin)/admin/guidebooks/new/page.tsx","Repository suite; no route-level browser evidence","BLK-001"
"/admin/inquiries","Admin","admin","desktop + mobile required","link","2","Correct UI, authorization, persistence, telemetry, and downstream effect","Not browser-exercised","untested","Static JSX discovery only","src/app/(admin)/admin/inquiries/page.tsx","Repository suite; no route-level browser evidence","BLK-001"
"/admin/inquiries","Admin","admin","desktop + mobile required","a","2","Correct UI, authorization, persistence, telemetry, and downstream effect","Not browser-exercised","untested","Static JSX discovery only","src/app/(admin)/admin/inquiries/page.tsx","Repository suite; no route-level browser evidence","BLK-001"
"/admin/inquiries/[id]","Admin","admin","desktop + mobile required","link","1","Correct UI, authorization, persistence, telemetry, and downstream effect","Not browser-exercised","untested","Static JSX discovery only","src/app/(admin)/admin/inquiries/[id]/page.tsx","Repository suite; no route-level browser evidence","BLK-001"
"/admin/inquiries/[id]","Admin","admin","desktop + mobile required","a","4","Correct UI, authorization, persistence, telemetry, and downstream effect","Not browser-exercised","untested","Static JSX discovery only","src/app/(admin)/admin/inquiries/[id]/page.tsx","Repository suite; no route-level browser evidence","BLK-001"
"/admin/inquiries/[id]","Admin","admin","desktop + mobile required","form","2","Correct UI, authorization, persistence, telemetry, and downstream effect","Not browser-exercised","untested","Static JSX discovery only","src/app/(admin)/admin/inquiries/[id]/page.tsx","Repository suite; no route-level browser evidence","BLK-001"
"/admin/inquiries/[id]","Admin","admin","desktop + mobile required","textarea","1","Correct UI, authorization, persistence, telemetry, and downstream effect","Not browser-exercised","untested","Static JSX discovery only","src/app/(admin)/admin/inquiries/[id]/page.tsx","Repository suite; no route-level browser evidence","BLK-001"
"/admin/inquiries/[id]","Admin","admin","desktop + mobile required","button","2","Correct UI, authorization, persistence, telemetry, and downstream effect","Not browser-exercised","untested","Static JSX discovery only","src/app/(admin)/admin/inquiries/[id]/page.tsx","Repository suite; no route-level browser evidence","BLK-001"
"/admin/inquiries/[id]","Admin","admin","desktop + mobile required","select","1","Correct UI, authorization, persistence, telemetry, and downstream effect","Not browser-exercised","untested","Static JSX discovery only","src/app/(admin)/admin/inquiries/[id]/page.tsx","Repository suite; no route-level browser evidence","BLK-001"
"/admin/integrations","Admin","admin","desktop + mobile required","link","3","Correct UI, authorization, persistence, telemetry, and downstream effect","Not browser-exercised","untested","Static JSX discovery only","src/app/(admin)/admin/integrations/page.tsx","Repository suite; no route-level browser evidence","BLK-001"
"/admin/integrations","Admin","admin","desktop + mobile required","a","1","Correct UI, authorization, persistence, telemetry, and downstream effect","Not browser-exercised","untested","Static JSX discovery only","src/app/(admin)/admin/integrations/page.tsx","Repository suite; no route-level browser evidence","BLK-001"
"/admin/integrations/[integrationId]","Admin","admin","desktop + mobile required","link","2","Correct UI, authorization, persistence, telemetry, and downstream effect","Not browser-exercised","untested","Static JSX discovery only","src/app/(admin)/admin/integrations/[integrationId]/page.tsx","Repository suite; no route-level browser evidence","BLK-001"
"/admin/internal-workspace","Admin","admin","desktop + mobile required","link","1","Correct UI, authorization, persistence, telemetry, and downstream effect","Not browser-exercised","untested","Static JSX discovery only","src/app/(admin)/admin/internal-workspace/page.tsx","Repository suite; no route-level browser evidence","BLK-001"
"/admin/learning","Admin","admin","desktop + mobile required","link","1","Correct UI, authorization, persistence, telemetry, and downstream effect","Not browser-exercised","untested","Static JSX discovery only","src/app/(admin)/admin/learning/page.tsx","Repository suite; no route-level browser evidence","BLK-001"
"/admin/learning/governance","Admin","admin","desktop + mobile required","link","1","Correct UI, authorization, persistence, telemetry, and downstream effect","Not browser-exercised","untested","Static JSX discovery only","src/app/(admin)/admin/learning/governance/page.tsx","Repository suite; no route-level browser evidence","BLK-001"
"/admin/learning/jobs","Admin","admin","desktop + mobile required","form","1","Correct UI, authorization, persistence, telemetry, and downstream effect","Not browser-exercised","untested","Static JSX discovery only","src/app/(admin)/admin/learning/jobs/page.tsx","Repository suite; no route-level browser evidence","BLK-001"
"/admin/learning/jobs","Admin","admin","desktop + mobile required","input","5","Correct UI, authorization, persistence, telemetry, and downstream effect","Not browser-exercised","untested","Static JSX discovery only","src/app/(admin)/admin/learning/jobs/page.tsx","Repository suite; no route-level browser evidence","BLK-001"
"/admin/learning/jobs","Admin","admin","desktop + mobile required","button","1","Correct UI, authorization, persistence, telemetry, and downstream effect","Not browser-exercised","untested","Static JSX discovery only","src/app/(admin)/admin/learning/jobs/page.tsx","Repository suite; no route-level browser evidence","BLK-001"
"/admin/offers/[offerId]","Admin","admin","desktop + mobile required","link","3","Correct UI, authorization, persistence, telemetry, and downstream effect","Not browser-exercised","untested","Static JSX discovery only","src/app/(admin)/admin/offers/[offerId]/page.tsx","Repository suite; no route-level browser evidence","BLK-001"
"/admin/offers/[offerId]","Admin","admin","desktop + mobile required","form","3","Correct UI, authorization, persistence, telemetry, and downstream effect","Not browser-exercised","untested","Static JSX discovery only","src/app/(admin)/admin/offers/[offerId]/page.tsx","Repository suite; no route-level browser evidence","BLK-001"
"/admin/offers/[offerId]","Admin","admin","desktop + mobile required","input","12","Correct UI, authorization, persistence, telemetry, and downstream effect","Not browser-exercised","untested","Static JSX discovery only","src/app/(admin)/admin/offers/[offerId]/page.tsx","Repository suite; no route-level browser evidence","BLK-001"
"/admin/offers/[offerId]","Admin","admin","desktop + mobile required","select","1","Correct UI, authorization, persistence, telemetry, and downstream effect","Not browser-exercised","untested","Static JSX discovery only","src/app/(admin)/admin/offers/[offerId]/page.tsx","Repository suite; no route-level browser evidence","BLK-001"
"/admin/offers/[offerId]","Admin","admin","desktop + mobile required","button","3","Correct UI, authorization, persistence, telemetry, and downstream effect","Not browser-exercised","untested","Static JSX discovery only","src/app/(admin)/admin/offers/[offerId]/page.tsx","Repository suite; no route-level browser evidence","BLK-001"
"/admin/offers/bundles/[bundleId]","Admin","admin","desktop + mobile required","link","1","Correct UI, authorization, persistence, telemetry, and downstream effect","Not browser-exercised","untested","Static JSX discovery only","src/app/(admin)/admin/offers/bundles/[bundleId]/page.tsx","Repository suite; no route-level browser evidence","BLK-001"
"/admin/offers/bundles/new","Admin","admin","desktop + mobile required","form","1","Correct UI, authorization, persistence, telemetry, and downstream effect","Not browser-exercised","untested","Static JSX discovery only","src/app/(admin)/admin/offers/bundles/new/page.tsx","Repository suite; no route-level browser evidence","BLK-001"
"/admin/offers/bundles/new","Admin","admin","desktop + mobile required","input","4","Correct UI, authorization, persistence, telemetry, and downstream effect","Not browser-exercised","untested","Static JSX discovery only","src/app/(admin)/admin/offers/bundles/new/page.tsx","Repository suite; no route-level browser evidence","BLK-001"
"/admin/offers/bundles/new","Admin","admin","desktop + mobile required","textarea","1","Correct UI, authorization, persistence, telemetry, and downstream effect","Not browser-exercised","untested","Static JSX discovery only","src/app/(admin)/admin/offers/bundles/new/page.tsx","Repository suite; no route-level browser evidence","BLK-001"
"/admin/offers/bundles/new","Admin","admin","desktop + mobile required","button","1","Correct UI, authorization, persistence, telemetry, and downstream effect","Not browser-exercised","untested","Static JSX discovery only","src/app/(admin)/admin/offers/bundles/new/page.tsx","Repository suite; no route-level browser evidence","BLK-001"
"/admin/offers/new","Admin","admin","desktop + mobile required","form","1","Correct UI, authorization, persistence, telemetry, and downstream effect","Not browser-exercised","untested","Static JSX discovery only","src/app/(admin)/admin/offers/new/page.tsx","Repository suite; no route-level browser evidence","BLK-001"
"/admin/offers/new","Admin","admin","desktop + mobile required","input","6","Correct UI, authorization, persistence, telemetry, and downstream effect","Not browser-exercised","untested","Static JSX discovery only","src/app/(admin)/admin/offers/new/page.tsx","Repository suite; no route-level browser evidence","BLK-001"
"/admin/offers/new","Admin","admin","desktop + mobile required","select","5","Correct UI, authorization, persistence, telemetry, and downstream effect","Not browser-exercised","untested","Static JSX discovery only","src/app/(admin)/admin/offers/new/page.tsx","Repository suite; no route-level browser evidence","BLK-001"
"/admin/offers/new","Admin","admin","desktop + mobile required","textarea","3","Correct UI, authorization, persistence, telemetry, and downstream effect","Not browser-exercised","untested","Static JSX discovery only","src/app/(admin)/admin/offers/new/page.tsx","Repository suite; no route-level browser evidence","BLK-001"
"/admin/offers/new","Admin","admin","desktop + mobile required","button","1","Correct UI, authorization, persistence, telemetry, and downstream effect","Not browser-exercised","untested","Static JSX discovery only","src/app/(admin)/admin/offers/new/page.tsx","Repository suite; no route-level browser evidence","BLK-001"
"/admin/offers/orders/[orderId]","Admin","admin","desktop + mobile required","link","2","Correct UI, authorization, persistence, telemetry, and downstream effect","Not browser-exercised","untested","Static JSX discovery only","src/app/(admin)/admin/offers/orders/[orderId]/page.tsx","Repository suite; no route-level browser evidence","BLK-001"
"/admin/offers/orders/[orderId]","Admin","admin","desktop + mobile required","form","1","Correct UI, authorization, persistence, telemetry, and downstream effect","Not browser-exercised","untested","Static JSX discovery only","src/app/(admin)/admin/offers/orders/[orderId]/page.tsx","Repository suite; no route-level browser evidence","BLK-001"
"/admin/offers/orders/[orderId]","Admin","admin","desktop + mobile required","input","2","Correct UI, authorization, persistence, telemetry, and downstream effect","Not browser-exercised","untested","Static JSX discovery only","src/app/(admin)/admin/offers/orders/[orderId]/page.tsx","Repository suite; no route-level browser evidence","BLK-001"
"/admin/offers/orders/[orderId]","Admin","admin","desktop + mobile required","button","1","Correct UI, authorization, persistence, telemetry, and downstream effect","Not browser-exercised","untested","Static JSX discovery only","src/app/(admin)/admin/offers/orders/[orderId]/page.tsx","Repository suite; no route-level browser evidence","BLK-001"
"/admin/properties","Admin","admin","desktop + mobile required","link","3","Correct UI, authorization, persistence, telemetry, and downstream effect","Not browser-exercised","untested","Static JSX discovery only","src/app/(admin)/admin/properties/page.tsx","Repository suite; no route-level browser evidence","BLK-001"
"/admin/properties","Admin","admin","desktop + mobile required","form","1","Correct UI, authorization, persistence, telemetry, and downstream effect","Not browser-exercised","untested","Static JSX discovery only","src/app/(admin)/admin/properties/page.tsx","Repository suite; no route-level browser evidence","BLK-001"
"/admin/properties","Admin","admin","desktop + mobile required","input","1","Correct UI, authorization, persistence, telemetry, and downstream effect","Not browser-exercised","untested","Static JSX discovery only","src/app/(admin)/admin/properties/page.tsx","Repository suite; no route-level browser evidence","BLK-001"
"/admin/properties","Admin","admin","desktop + mobile required","button","1","Correct UI, authorization, persistence, telemetry, and downstream effect","Not browser-exercised","untested","Static JSX discovery only","src/app/(admin)/admin/properties/page.tsx","Repository suite; no route-level browser evidence","BLK-001"
"/admin/properties/[id]","Admin","admin","desktop + mobile required","link","3","Correct UI, authorization, persistence, telemetry, and downstream effect","Not browser-exercised","untested","Static JSX discovery only","src/app/(admin)/admin/properties/[id]/page.tsx","Repository suite; no route-level browser evidence","BLK-001"
"/admin/properties/new","Admin","admin","desktop + mobile required","link","1","Correct UI, authorization, persistence, telemetry, and downstream effect","Not browser-exercised","untested","Static JSX discovery only","src/app/(admin)/admin/properties/new/page.tsx","Repository suite; no route-level browser evidence","BLK-001"
"/admin/reports","Admin","admin","desktop + mobile required","link","4","Correct UI, authorization, persistence, telemetry, and downstream effect","Not browser-exercised","untested","Static JSX discovery only","src/app/(admin)/admin/reports/page.tsx","Repository suite; no route-level browser evidence","BLK-001"
"/admin/reports/jobs","Admin","admin","desktop + mobile required","form","1","Correct UI, authorization, persistence, telemetry, and downstream effect","Not browser-exercised","untested","Static JSX discovery only","src/app/(admin)/admin/reports/jobs/page.tsx","Repository suite; no route-level browser evidence","BLK-001"
"/admin/reports/jobs","Admin","admin","desktop + mobile required","input","1","Correct UI, authorization, persistence, telemetry, and downstream effect","Not browser-exercised","untested","Static JSX discovery only","src/app/(admin)/admin/reports/jobs/page.tsx","Repository suite; no route-level browser evidence","BLK-001"
"/admin/reports/jobs","Admin","admin","desktop + mobile required","button","1","Correct UI, authorization, persistence, telemetry, and downstream effect","Not browser-exercised","untested","Static JSX discovery only","src/app/(admin)/admin/reports/jobs/page.tsx","Repository suite; no route-level browser evidence","BLK-001"
"/approach","Public marketing / portal","anonymous or route-specific","desktop + mobile required","link","1","Correct UI, authorization, persistence, telemetry, and downstream effect","Not browser-exercised","untested","Static JSX discovery only","src/app/(marketing)/approach/page.tsx","Repository suite; no route-level browser evidence","BLK-001"
"/checkout/cancel","Commerce","anonymous or route-specific","desktop + mobile required","link","1","Correct UI, authorization, persistence, telemetry, and downstream effect","Not browser-exercised","untested","Static JSX discovery only","src/app/(public)/checkout/cancel/page.tsx","Repository suite; no route-level browser evidence","BLK-001"
"/checkout/success","Commerce","anonymous or route-specific","desktop + mobile required","link","1","Correct UI, authorization, persistence, telemetry, and downstream effect","Not browser-exercised","untested","Static JSX discovery only","src/app/(public)/checkout/success/page.tsx","Repository suite; no route-level browser evidence","BLK-001"
"/commerce/checkout/cancelled","Commerce","anonymous or route-specific","desktop + mobile required","link","1","Correct UI, authorization, persistence, telemetry, and downstream effect","Not browser-exercised","untested","Static JSX discovery only","src/app/(commerce)/commerce/checkout/cancelled/page.tsx","Repository suite; no route-level browser evidence","BLK-001"
"/dashboard","Customer dashboard","authenticated/entitled","desktop + mobile required","link","2","Correct UI, authorization, persistence, telemetry, and downstream effect","Not browser-exercised","untested","Static JSX discovery only","src/app/(dashboard)/dashboard/page.tsx","Repository suite; no route-level browser evidence","BLK-001"
"/dashboard/access","Customer dashboard","authenticated/entitled","desktop + mobile required","form","1","Correct UI, authorization, persistence, telemetry, and downstream effect","Not browser-exercised","untested","Static JSX discovery only","src/app/(dashboard)/dashboard/access/page.tsx","Repository suite; no route-level browser evidence","BLK-001"
"/dashboard/access","Customer dashboard","authenticated/entitled","desktop + mobile required","input","1","Correct UI, authorization, persistence, telemetry, and downstream effect","Not browser-exercised","untested","Static JSX discovery only","src/app/(dashboard)/dashboard/access/page.tsx","Repository suite; no route-level browser evidence","BLK-001"
"/dashboard/access","Customer dashboard","authenticated/entitled","desktop + mobile required","button","1","Correct UI, authorization, persistence, telemetry, and downstream effect","Not browser-exercised","untested","Static JSX discovery only","src/app/(dashboard)/dashboard/access/page.tsx","Repository suite; no route-level browser evidence","BLK-001"
"/dashboard/billing","Customer dashboard","authenticated/entitled","desktop + mobile required","form","1","Correct UI, authorization, persistence, telemetry, and downstream effect","Not browser-exercised","untested","Static JSX discovery only","src/app/(dashboard)/dashboard/billing/page.tsx","Repository suite; no route-level browser evidence","BLK-001"
"/dashboard/billing","Customer dashboard","authenticated/entitled","desktop + mobile required","button","1","Correct UI, authorization, persistence, telemetry, and downstream effect","Not browser-exercised","untested","Static JSX discovery only","src/app/(dashboard)/dashboard/billing/page.tsx","Repository suite; no route-level browser evidence","BLK-001"
"/dashboard/billing","Customer dashboard","authenticated/entitled","desktop + mobile required","a","2","Correct UI, authorization, persistence, telemetry, and downstream effect","Not browser-exercised","untested","Static JSX discovery only","src/app/(dashboard)/dashboard/billing/page.tsx","Repository suite; no route-level browser evidence","BLK-001"
"/dashboard/communications","Customer dashboard","authenticated/entitled","desktop + mobile required","link","5","Correct UI, authorization, persistence, telemetry, and downstream effect","Not browser-exercised","untested","Static JSX discovery only","src/app/(dashboard)/dashboard/communications/page.tsx","Repository suite; no route-level browser evidence","BLK-001"
"/dashboard/communications","Customer dashboard","authenticated/entitled","desktop + mobile required","form","2","Correct UI, authorization, persistence, telemetry, and downstream effect","Not browser-exercised","untested","Static JSX discovery only","src/app/(dashboard)/dashboard/communications/page.tsx","Repository suite; no route-level browser evidence","BLK-001"
"/dashboard/communications","Customer dashboard","authenticated/entitled","desktop + mobile required","input","2","Correct UI, authorization, persistence, telemetry, and downstream effect","Not browser-exercised","untested","Static JSX discovery only","src/app/(dashboard)/dashboard/communications/page.tsx","Repository suite; no route-level browser evidence","BLK-001"
"/dashboard/communications","Customer dashboard","authenticated/entitled","desktop + mobile required","select","6","Correct UI, authorization, persistence, telemetry, and downstream effect","Not browser-exercised","untested","Static JSX discovery only","src/app/(dashboard)/dashboard/communications/page.tsx","Repository suite; no route-level browser evidence","BLK-001"
"/dashboard/communications","Customer dashboard","authenticated/entitled","desktop + mobile required","button","2","Correct UI, authorization, persistence, telemetry, and downstream effect","Not browser-exercised","untested","Static JSX discovery only","src/app/(dashboard)/dashboard/communications/page.tsx","Repository suite; no route-level browser evidence","BLK-001"
"/dashboard/communications/[conversationId]","Customer dashboard","authenticated/entitled","desktop + mobile required","link","6","Correct UI, authorization, persistence, telemetry, and downstream effect","Not browser-exercised","untested","Static JSX discovery only","src/app/(dashboard)/dashboard/communications/[conversationId]/page.tsx","Repository suite; no route-level browser evidence","BLK-001"
"/dashboard/communications/[conversationId]","Customer dashboard","authenticated/entitled","desktop + mobile required","form","7","Correct UI, authorization, persistence, telemetry, and downstream effect","Not browser-exercised","untested","Static JSX discovery only","src/app/(dashboard)/dashboard/communications/[conversationId]/page.tsx","Repository suite; no route-level browser evidence","BLK-001"
"/dashboard/communications/[conversationId]","Customer dashboard","authenticated/entitled","desktop + mobile required","input","17","Correct UI, authorization, persistence, telemetry, and downstream effect","Not browser-exercised","untested","Static JSX discovery only","src/app/(dashboard)/dashboard/communications/[conversationId]/page.tsx","Repository suite; no route-level browser evidence","BLK-001"
"/dashboard/communications/[conversationId]","Customer dashboard","authenticated/entitled","desktop + mobile required","button","7","Correct UI, authorization, persistence, telemetry, and downstream effect","Not browser-exercised","untested","Static JSX discovery only","src/app/(dashboard)/dashboard/communications/[conversationId]/page.tsx","Repository suite; no route-level browser evidence","BLK-001"
"/dashboard/communications/[conversationId]","Customer dashboard","authenticated/entitled","desktop + mobile required","textarea","1","Correct UI, authorization, persistence, telemetry, and downstream effect","Not browser-exercised","untested","Static JSX discovery only","src/app/(dashboard)/dashboard/communications/[conversationId]/page.tsx","Repository suite; no route-level browser evidence","BLK-001"
"/dashboard/communications/guests/[guestId]","Customer dashboard","authenticated/entitled","desktop + mobile required","link","5","Correct UI, authorization, persistence, telemetry, and downstream effect","Not browser-exercised","untested","Static JSX discovery only","src/app/(dashboard)/dashboard/communications/guests/[guestId]/page.tsx","Repository suite; no route-level browser evidence","BLK-001"
"/dashboard/communications/guests/[guestId]","Customer dashboard","authenticated/entitled","desktop + mobile required","form","1","Correct UI, authorization, persistence, telemetry, and downstream effect","Not browser-exercised","untested","Static JSX discovery only","src/app/(dashboard)/dashboard/communications/guests/[guestId]/page.tsx","Repository suite; no route-level browser evidence","BLK-001"
"/dashboard/communications/guests/[guestId]","Customer dashboard","authenticated/entitled","desktop + mobile required","input","5","Correct UI, authorization, persistence, telemetry, and downstream effect","Not browser-exercised","untested","Static JSX discovery only","src/app/(dashboard)/dashboard/communications/guests/[guestId]/page.tsx","Repository suite; no route-level browser evidence","BLK-001"
"/dashboard/communications/guests/[guestId]","Customer dashboard","authenticated/entitled","desktop + mobile required","select","3","Correct UI, authorization, persistence, telemetry, and downstream effect","Not browser-exercised","untested","Static JSX discovery only","src/app/(dashboard)/dashboard/communications/guests/[guestId]/page.tsx","Repository suite; no route-level browser evidence","BLK-001"
"/dashboard/communications/guests/[guestId]","Customer dashboard","authenticated/entitled","desktop + mobile required","button","1","Correct UI, authorization, persistence, telemetry, and downstream effect","Not browser-exercised","untested","Static JSX discovery only","src/app/(dashboard)/dashboard/communications/guests/[guestId]/page.tsx","Repository suite; no route-level browser evidence","BLK-001"
"/dashboard/financial/expenses/new","Customer dashboard","authenticated/entitled","desktop + mobile required","link","1","Correct UI, authorization, persistence, telemetry, and downstream effect","Not browser-exercised","untested","Static JSX discovery only","src/app/(dashboard)/dashboard/financial/expenses/new/page.tsx","Repository suite; no route-level browser evidence","BLK-001"
"/dashboard/guidebooks","Guidebook Studio","authenticated/entitled","desktop + mobile required","link","13","Correct UI, authorization, persistence, telemetry, and downstream effect","Not browser-exercised","untested","Static JSX discovery only","src/app/(dashboard)/dashboard/guidebooks/page.tsx","Repository suite; no route-level browser evidence","BLK-001"
"/dashboard/guidebooks","Guidebook Studio","authenticated/entitled","desktop + mobile required","form","1","Correct UI, authorization, persistence, telemetry, and downstream effect","Not browser-exercised","untested","Static JSX discovery only","src/app/(dashboard)/dashboard/guidebooks/page.tsx","Repository suite; no route-level browser evidence","BLK-001"
"/dashboard/guidebooks","Guidebook Studio","authenticated/entitled","desktop + mobile required","input","1","Correct UI, authorization, persistence, telemetry, and downstream effect","Not browser-exercised","untested","Static JSX discovery only","src/app/(dashboard)/dashboard/guidebooks/page.tsx","Repository suite; no route-level browser evidence","BLK-001"
"/dashboard/guidebooks","Guidebook Studio","authenticated/entitled","desktop + mobile required","select","2","Correct UI, authorization, persistence, telemetry, and downstream effect","Not browser-exercised","untested","Static JSX discovery only","src/app/(dashboard)/dashboard/guidebooks/page.tsx","Repository suite; no route-level browser evidence","BLK-001"
"/dashboard/guidebooks","Guidebook Studio","authenticated/entitled","desktop + mobile required","button","1","Correct UI, authorization, persistence, telemetry, and downstream effect","Not browser-exercised","untested","Static JSX discovery only","src/app/(dashboard)/dashboard/guidebooks/page.tsx","Repository suite; no route-level browser evidence","BLK-001"
"/dashboard/guidebooks/[guidebookId]","Guidebook Studio","authenticated/entitled","desktop + mobile required","link","4","Correct UI, authorization, persistence, telemetry, and downstream effect","Not browser-exercised","untested","Static JSX discovery only","src/app/(dashboard)/dashboard/guidebooks/[guidebookId]/page.tsx","Repository suite; no route-level browser evidence","BLK-001"
"/dashboard/guidebooks/[guidebookId]","Guidebook Studio","authenticated/entitled","desktop + mobile required","form","1","Correct UI, authorization, persistence, telemetry, and downstream effect","Not browser-exercised","untested","Static JSX discovery only","src/app/(dashboard)/dashboard/guidebooks/[guidebookId]/page.tsx","Repository suite; no route-level browser evidence","BLK-001"
"/dashboard/guidebooks/[guidebookId]","Guidebook Studio","authenticated/entitled","desktop + mobile required","input","3","Correct UI, authorization, persistence, telemetry, and downstream effect","Not browser-exercised","untested","Static JSX discovery only","src/app/(dashboard)/dashboard/guidebooks/[guidebookId]/page.tsx","Repository suite; no route-level browser evidence","BLK-001"
"/dashboard/guidebooks/[guidebookId]","Guidebook Studio","authenticated/entitled","desktop + mobile required","button","1","Correct UI, authorization, persistence, telemetry, and downstream effect","Not browser-exercised","untested","Static JSX discovery only","src/app/(dashboard)/dashboard/guidebooks/[guidebookId]/page.tsx","Repository suite; no route-level browser evidence","BLK-001"
"/dashboard/guidebooks/[guidebookId]/compose","Guidebook Studio","authenticated/entitled","desktop + mobile required","link","1","Correct UI, authorization, persistence, telemetry, and downstream effect","Not browser-exercised","untested","Static JSX discovery only","src/app/(dashboard)/dashboard/guidebooks/[guidebookId]/compose/page.tsx","Repository suite; no route-level browser evidence","BLK-001"
"/dashboard/guidebooks/[guidebookId]/edit","Guidebook Studio","authenticated/entitled","desktop + mobile required","link","1","Correct UI, authorization, persistence, telemetry, and downstream effect","Not browser-exercised","untested","Static JSX discovery only","src/app/(dashboard)/dashboard/guidebooks/[guidebookId]/edit/page.tsx","Repository suite; no route-level browser evidence","BLK-001"
"/dashboard/guidebooks/[guidebookId]/improve","Guidebook Studio","authenticated/entitled","desktop + mobile required","link","1","Correct UI, authorization, persistence, telemetry, and downstream effect","Not browser-exercised","untested","Static JSX discovery only","src/app/(dashboard)/dashboard/guidebooks/[guidebookId]/improve/page.tsx","Repository suite; no route-level browser evidence","BLK-001"
"/dashboard/guidebooks/[guidebookId]/preview","Guidebook Studio","authenticated/entitled","desktop + mobile required","link","5","Correct UI, authorization, persistence, telemetry, and downstream effect","Not browser-exercised","untested","Static JSX discovery only","src/app/(dashboard)/dashboard/guidebooks/[guidebookId]/preview/page.tsx","Repository suite; no route-level browser evidence","BLK-001"
"/dashboard/guidebooks/[guidebookId]/preview","Guidebook Studio","authenticated/entitled","desktop + mobile required","a","1","Correct UI, authorization, persistence, telemetry, and downstream effect","Not browser-exercised","untested","Static JSX discovery only","src/app/(dashboard)/dashboard/guidebooks/[guidebookId]/preview/page.tsx","Repository suite; no route-level browser evidence","BLK-001"
"/dashboard/guidebooks/[guidebookId]/settings","Guidebook Studio","authenticated/entitled","desktop + mobile required","form","2","Correct UI, authorization, persistence, telemetry, and downstream effect","Not browser-exercised","untested","Static JSX discovery only","src/app/(dashboard)/dashboard/guidebooks/[guidebookId]/settings/page.tsx","Repository suite; no route-level browser evidence","BLK-001"
"/dashboard/guidebooks/[guidebookId]/settings","Guidebook Studio","authenticated/entitled","desktop + mobile required","input","7","Correct UI, authorization, persistence, telemetry, and downstream effect","Not browser-exercised","untested","Static JSX discovery only","src/app/(dashboard)/dashboard/guidebooks/[guidebookId]/settings/page.tsx","Repository suite; no route-level browser evidence","BLK-001"
"/dashboard/guidebooks/[guidebookId]/settings","Guidebook Studio","authenticated/entitled","desktop + mobile required","button","2","Correct UI, authorization, persistence, telemetry, and downstream effect","Not browser-exercised","untested","Static JSX discovery only","src/app/(dashboard)/dashboard/guidebooks/[guidebookId]/settings/page.tsx","Repository suite; no route-level browser evidence","BLK-001"
"/dashboard/guidebooks/[guidebookId]/setup","Guidebook Studio","authenticated/entitled","desktop + mobile required","link","1","Correct UI, authorization, persistence, telemetry, and downstream effect","Not browser-exercised","untested","Static JSX discovery only","src/app/(dashboard)/dashboard/guidebooks/[guidebookId]/setup/page.tsx","Repository suite; no route-level browser evidence","BLK-001"
"/dashboard/guidebooks/[guidebookId]/share","Guidebook Studio","authenticated/entitled","desktop + mobile required","a","3","Correct UI, authorization, persistence, telemetry, and downstream effect","Not browser-exercised","untested","Static JSX discovery only","src/app/(dashboard)/dashboard/guidebooks/[guidebookId]/share/page.tsx","Repository suite; no route-level browser evidence","BLK-001"
"/dashboard/guidebooks/[guidebookId]/share","Guidebook Studio","authenticated/entitled","desktop + mobile required","link","2","Correct UI, authorization, persistence, telemetry, and downstream effect","Not browser-exercised","untested","Static JSX discovery only","src/app/(dashboard)/dashboard/guidebooks/[guidebookId]/share/page.tsx","Repository suite; no route-level browser evidence","BLK-001"
"/dashboard/guidebooks/[guidebookId]/versions/[versionId]/preview","Guidebook Studio","authenticated/entitled","desktop + mobile required","link","1","Correct UI, authorization, persistence, telemetry, and downstream effect","Not browser-exercised","untested","Static JSX discovery only","src/app/(dashboard)/dashboard/guidebooks/[guidebookId]/versions/[versionId]/preview/page.tsx","Repository suite; no route-level browser evidence","BLK-001"
"/dashboard/guidebooks/new","Guidebook Studio","authenticated/entitled","desktop + mobile required","link","3","Correct UI, authorization, persistence, telemetry, and downstream effect","Not browser-exercised","untested","Static JSX discovery only","src/app/(dashboard)/dashboard/guidebooks/new/page.tsx","Repository suite; no route-level browser evidence","BLK-001"
"/dashboard/investments/new","Investment Intelligence","authenticated/entitled","desktop + mobile required","link","1","Correct UI, authorization, persistence, telemetry, and downstream effect","Not browser-exercised","untested","Static JSX discovery only","src/app/(dashboard)/dashboard/investments/new/page.tsx","Repository suite; no route-level browser evidence","BLK-001"
"/dashboard/investments/opportunities/[id]","Investment Intelligence","authenticated/entitled","desktop + mobile required","link","1","Correct UI, authorization, persistence, telemetry, and downstream effect","Not browser-exercised","untested","Static JSX discovery only","src/app/(dashboard)/dashboard/investments/opportunities/[id]/page.tsx","Repository suite; no route-level browser evidence","BLK-001"
"/dashboard/investments/opportunities/[id]/compare","Investment Intelligence","authenticated/entitled","desktop + mobile required","link","3","Correct UI, authorization, persistence, telemetry, and downstream effect","Not browser-exercised","untested","Static JSX discovery only","src/app/(dashboard)/dashboard/investments/opportunities/[id]/compare/page.tsx","Repository suite; no route-level browser evidence","BLK-001"
"/dashboard/investments/opportunities/[id]/compare","Investment Intelligence","authenticated/entitled","desktop + mobile required","form","2","Correct UI, authorization, persistence, telemetry, and downstream effect","Not browser-exercised","untested","Static JSX discovery only","src/app/(dashboard)/dashboard/investments/opportunities/[id]/compare/page.tsx","Repository suite; no route-level browser evidence","BLK-001"
"/dashboard/investments/opportunities/[id]/compare","Investment Intelligence","authenticated/entitled","desktop + mobile required","input","10","Correct UI, authorization, persistence, telemetry, and downstream effect","Not browser-exercised","untested","Static JSX discovery only","src/app/(dashboard)/dashboard/investments/opportunities/[id]/compare/page.tsx","Repository suite; no route-level browser evidence","BLK-001"
"/dashboard/investments/opportunities/[id]/compare","Investment Intelligence","authenticated/entitled","desktop + mobile required","button","2","Correct UI, authorization, persistence, telemetry, and downstream effect","Not browser-exercised","untested","Static JSX discovery only","src/app/(dashboard)/dashboard/investments/opportunities/[id]/compare/page.tsx","Repository suite; no route-level browser evidence","BLK-001"
"/dashboard/investments/opportunities/[id]/learning","Investment Intelligence","authenticated/entitled","desktop + mobile required","link","3","Correct UI, authorization, persistence, telemetry, and downstream effect","Not browser-exercised","untested","Static JSX discovery only","src/app/(dashboard)/dashboard/investments/opportunities/[id]/learning/page.tsx","Repository suite; no route-level browser evidence","BLK-001"
"/dashboard/investments/opportunities/[id]/learning","Investment Intelligence","authenticated/entitled","desktop + mobile required","form","2","Correct UI, authorization, persistence, telemetry, and downstream effect","Not browser-exercised","untested","Static JSX discovery only","src/app/(dashboard)/dashboard/investments/opportunities/[id]/learning/page.tsx","Repository suite; no route-level browser evidence","BLK-001"
"/dashboard/investments/opportunities/[id]/learning","Investment Intelligence","authenticated/entitled","desktop + mobile required","input","8","Correct UI, authorization, persistence, telemetry, and downstream effect","Not browser-exercised","untested","Static JSX discovery only","src/app/(dashboard)/dashboard/investments/opportunities/[id]/learning/page.tsx","Repository suite; no route-level browser evidence","BLK-001"
"/dashboard/investments/opportunities/[id]/learning","Investment Intelligence","authenticated/entitled","desktop + mobile required","select","3","Correct UI, authorization, persistence, telemetry, and downstream effect","Not browser-exercised","untested","Static JSX discovery only","src/app/(dashboard)/dashboard/investments/opportunities/[id]/learning/page.tsx","Repository suite; no route-level browser evidence","BLK-001"
"/dashboard/investments/opportunities/[id]/learning","Investment Intelligence","authenticated/entitled","desktop + mobile required","button","2","Correct UI, authorization, persistence, telemetry, and downstream effect","Not browser-exercised","untested","Static JSX discovery only","src/app/(dashboard)/dashboard/investments/opportunities/[id]/learning/page.tsx","Repository suite; no route-level browser evidence","BLK-001"
"/dashboard/investments/opportunities/[id]/learning","Investment Intelligence","authenticated/entitled","desktop + mobile required","textarea","1","Correct UI, authorization, persistence, telemetry, and downstream effect","Not browser-exercised","untested","Static JSX discovery only","src/app/(dashboard)/dashboard/investments/opportunities/[id]/learning/page.tsx","Repository suite; no route-level browser evidence","BLK-001"
"/dashboard/investments/portfolio/compare","Investment Intelligence","authenticated/entitled","desktop + mobile required","link","1","Correct UI, authorization, persistence, telemetry, and downstream effect","Not browser-exercised","untested","Static JSX discovery only","src/app/(dashboard)/dashboard/investments/portfolio/compare/page.tsx","Repository suite; no route-level browser evidence","BLK-001"
"/dashboard/investments/scenarios","Investment Intelligence","authenticated/entitled","desktop + mobile required","link","5","Correct UI, authorization, persistence, telemetry, and downstream effect","Not browser-exercised","untested","Static JSX discovery only","src/app/(dashboard)/dashboard/investments/scenarios/page.tsx","Repository suite; no route-level browser evidence","BLK-001"
"/dashboard/investments/scenarios","Investment Intelligence","authenticated/entitled","desktop + mobile required","form","2","Correct UI, authorization, persistence, telemetry, and downstream effect","Not browser-exercised","untested","Static JSX discovery only","src/app/(dashboard)/dashboard/investments/scenarios/page.tsx","Repository suite; no route-level browser evidence","BLK-001"
"/dashboard/investments/scenarios","Investment Intelligence","authenticated/entitled","desktop + mobile required","input","3","Correct UI, authorization, persistence, telemetry, and downstream effect","Not browser-exercised","untested","Static JSX discovery only","src/app/(dashboard)/dashboard/investments/scenarios/page.tsx","Repository suite; no route-level browser evidence","BLK-001"
"/dashboard/investments/scenarios","Investment Intelligence","authenticated/entitled","desktop + mobile required","select","2","Correct UI, authorization, persistence, telemetry, and downstream effect","Not browser-exercised","untested","Static JSX discovery only","src/app/(dashboard)/dashboard/investments/scenarios/page.tsx","Repository suite; no route-level browser evidence","BLK-001"
"/dashboard/investments/scenarios","Investment Intelligence","authenticated/entitled","desktop + mobile required","button","2","Correct UI, authorization, persistence, telemetry, and downstream effect","Not browser-exercised","untested","Static JSX discovery only","src/app/(dashboard)/dashboard/investments/scenarios/page.tsx","Repository suite; no route-level browser evidence","BLK-001"
"/dashboard/investments/settings","Investment Intelligence","authenticated/entitled","desktop + mobile required","button","1","Correct UI, authorization, persistence, telemetry, and downstream effect","Not browser-exercised","untested","Static JSX discovery only","src/app/(dashboard)/dashboard/investments/settings/page.tsx","Repository suite; no route-level browser evidence","BLK-001"
"/dashboard/learn","Learn","authenticated/entitled","desktop + mobile required","link","2","Correct UI, authorization, persistence, telemetry, and downstream effect","Not browser-exercised","untested","Static JSX discovery only","src/app/(dashboard)/dashboard/learn/page.tsx","Repository suite; no route-level browser evidence","BLK-001"
"/dashboard/learning/candidates","Learn","authenticated/entitled","desktop + mobile required","form","1","Correct UI, authorization, persistence, telemetry, and downstream effect","Not browser-exercised","untested","Static JSX discovery only","src/app/(dashboard)/dashboard/learning/candidates/page.tsx","Repository suite; no route-level browser evidence","BLK-001"
"/dashboard/learning/candidates","Learn","authenticated/entitled","desktop + mobile required","input","2","Correct UI, authorization, persistence, telemetry, and downstream effect","Not browser-exercised","untested","Static JSX discovery only","src/app/(dashboard)/dashboard/learning/candidates/page.tsx","Repository suite; no route-level browser evidence","BLK-001"
"/dashboard/learning/candidates","Learn","authenticated/entitled","desktop + mobile required","textarea","1","Correct UI, authorization, persistence, telemetry, and downstream effect","Not browser-exercised","untested","Static JSX discovery only","src/app/(dashboard)/dashboard/learning/candidates/page.tsx","Repository suite; no route-level browser evidence","BLK-001"
"/dashboard/learning/candidates","Learn","authenticated/entitled","desktop + mobile required","button","1","Correct UI, authorization, persistence, telemetry, and downstream effect","Not browser-exercised","untested","Static JSX discovery only","src/app/(dashboard)/dashboard/learning/candidates/page.tsx","Repository suite; no route-level browser evidence","BLK-001"
"/dashboard/learning/lessons","Learn","authenticated/entitled","desktop + mobile required","form","1","Correct UI, authorization, persistence, telemetry, and downstream effect","Not browser-exercised","untested","Static JSX discovery only","src/app/(dashboard)/dashboard/learning/lessons/page.tsx","Repository suite; no route-level browser evidence","BLK-001"
"/dashboard/learning/lessons","Learn","authenticated/entitled","desktop + mobile required","input","1","Correct UI, authorization, persistence, telemetry, and downstream effect","Not browser-exercised","untested","Static JSX discovery only","src/app/(dashboard)/dashboard/learning/lessons/page.tsx","Repository suite; no route-level browser evidence","BLK-001"
"/dashboard/learning/lessons","Learn","authenticated/entitled","desktop + mobile required","select","4","Correct UI, authorization, persistence, telemetry, and downstream effect","Not browser-exercised","untested","Static JSX discovery only","src/app/(dashboard)/dashboard/learning/lessons/page.tsx","Repository suite; no route-level browser evidence","BLK-001"
"/dashboard/learning/lessons","Learn","authenticated/entitled","desktop + mobile required","button","1","Correct UI, authorization, persistence, telemetry, and downstream effect","Not browser-exercised","untested","Static JSX discovery only","src/app/(dashboard)/dashboard/learning/lessons/page.tsx","Repository suite; no route-level browser evidence","BLK-001"
"/dashboard/learning/lessons/[lessonId]","Learn","authenticated/entitled","desktop + mobile required","link","1","Correct UI, authorization, persistence, telemetry, and downstream effect","Not browser-exercised","untested","Static JSX discovery only","src/app/(dashboard)/dashboard/learning/lessons/[lessonId]/page.tsx","Repository suite; no route-level browser evidence","BLK-001"
"/dashboard/learning/reviews","Learn","authenticated/entitled","desktop + mobile required","a","1","Correct UI, authorization, persistence, telemetry, and downstream effect","Not browser-exercised","untested","Static JSX discovery only","src/app/(dashboard)/dashboard/learning/reviews/page.tsx","Repository suite; no route-level browser evidence","BLK-001"
"/dashboard/learning/reviews/[reviewId]","Learn","authenticated/entitled","desktop + mobile required","link","1","Correct UI, authorization, persistence, telemetry, and downstream effect","Not browser-exercised","untested","Static JSX discovery only","src/app/(dashboard)/dashboard/learning/reviews/[reviewId]/page.tsx","Repository suite; no route-level browser evidence","BLK-001"
"/dashboard/learning/timeline","Learn","authenticated/entitled","desktop + mobile required","link","1","Correct UI, authorization, persistence, telemetry, and downstream effect","Not browser-exercised","untested","Static JSX discovery only","src/app/(dashboard)/dashboard/learning/timeline/page.tsx","Repository suite; no route-level browser evidence","BLK-001"
"/dashboard/portfolio/decisions/[decisionId]","Customer dashboard","authenticated/entitled","desktop + mobile required","link","1","Correct UI, authorization, persistence, telemetry, and downstream effect","Not browser-exercised","untested","Static JSX discovery only","src/app/(dashboard)/dashboard/portfolio/decisions/[decisionId]/page.tsx","Repository suite; no route-level browser evidence","BLK-001"
"/dashboard/portfolio/outcomes/[reviewId]","Customer dashboard","authenticated/entitled","desktop + mobile required","link","1","Correct UI, authorization, persistence, telemetry, and downstream effect","Not browser-exercised","untested","Static JSX discovery only","src/app/(dashboard)/dashboard/portfolio/outcomes/[reviewId]/page.tsx","Repository suite; no route-level browser evidence","BLK-001"
"/dashboard/reports","Reports","authenticated/entitled","desktop + mobile required","link","5","Correct UI, authorization, persistence, telemetry, and downstream effect","Not browser-exercised","untested","Static JSX discovery only","src/app/(dashboard)/dashboard/reports/page.tsx","Repository suite; no route-level browser evidence","BLK-001"
"/dashboard/reports/[reportId]/share","Reports","authenticated/entitled","desktop + mobile required","link","1","Correct UI, authorization, persistence, telemetry, and downstream effect","Not browser-exercised","untested","Static JSX discovery only","src/app/(dashboard)/dashboard/reports/[reportId]/share/page.tsx","Repository suite; no route-level browser evidence","BLK-001"
"/dashboard/reports/[reportId]/share","Reports","authenticated/entitled","desktop + mobile required","form","1","Correct UI, authorization, persistence, telemetry, and downstream effect","Not browser-exercised","untested","Static JSX discovery only","src/app/(dashboard)/dashboard/reports/[reportId]/share/page.tsx","Repository suite; no route-level browser evidence","BLK-001"
"/dashboard/reports/[reportId]/share","Reports","authenticated/entitled","desktop + mobile required","input","2","Correct UI, authorization, persistence, telemetry, and downstream effect","Not browser-exercised","untested","Static JSX discovery only","src/app/(dashboard)/dashboard/reports/[reportId]/share/page.tsx","Repository suite; no route-level browser evidence","BLK-001"
"/dashboard/reports/[reportId]/share","Reports","authenticated/entitled","desktop + mobile required","button","1","Correct UI, authorization, persistence, telemetry, and downstream effect","Not browser-exercised","untested","Static JSX discovery only","src/app/(dashboard)/dashboard/reports/[reportId]/share/page.tsx","Repository suite; no route-level browser evidence","BLK-001"
"/dashboard/reports/[reportId]/versions/[versionId]","Reports","authenticated/entitled","desktop + mobile required","link","3","Correct UI, authorization, persistence, telemetry, and downstream effect","Not browser-exercised","untested","Static JSX discovery only","src/app/(dashboard)/dashboard/reports/[reportId]/versions/[versionId]/page.tsx","Repository suite; no route-level browser evidence","BLK-001"
"/dashboard/reports/[reportId]/versions/[versionId]","Reports","authenticated/entitled","desktop + mobile required","form","5","Correct UI, authorization, persistence, telemetry, and downstream effect","Not browser-exercised","untested","Static JSX discovery only","src/app/(dashboard)/dashboard/reports/[reportId]/versions/[versionId]/page.tsx","Repository suite; no route-level browser evidence","BLK-001"
"/dashboard/reports/[reportId]/versions/[versionId]","Reports","authenticated/entitled","desktop + mobile required","input","16","Correct UI, authorization, persistence, telemetry, and downstream effect","Not browser-exercised","untested","Static JSX discovery only","src/app/(dashboard)/dashboard/reports/[reportId]/versions/[versionId]/page.tsx","Repository suite; no route-level browser evidence","BLK-001"
"/dashboard/reports/[reportId]/versions/[versionId]","Reports","authenticated/entitled","desktop + mobile required","button","5","Correct UI, authorization, persistence, telemetry, and downstream effect","Not browser-exercised","untested","Static JSX discovery only","src/app/(dashboard)/dashboard/reports/[reportId]/versions/[versionId]/page.tsx","Repository suite; no route-level browser evidence","BLK-001"
"/dashboard/reports/[reportId]/versions/[versionId]","Reports","authenticated/entitled","desktop + mobile required","a","1","Correct UI, authorization, persistence, telemetry, and downstream effect","Not browser-exercised","untested","Static JSX discovery only","src/app/(dashboard)/dashboard/reports/[reportId]/versions/[versionId]/page.tsx","Repository suite; no route-level browser evidence","BLK-001"
"/dashboard/reports/compare","Reports","authenticated/entitled","desktop + mobile required","link","1","Correct UI, authorization, persistence, telemetry, and downstream effect","Not browser-exercised","untested","Static JSX discovery only","src/app/(dashboard)/dashboard/reports/compare/page.tsx","Repository suite; no route-level browser evidence","BLK-001"
"/dashboard/reports/compare","Reports","authenticated/entitled","desktop + mobile required","form","1","Correct UI, authorization, persistence, telemetry, and downstream effect","Not browser-exercised","untested","Static JSX discovery only","src/app/(dashboard)/dashboard/reports/compare/page.tsx","Repository suite; no route-level browser evidence","BLK-001"
"/dashboard/reports/compare","Reports","authenticated/entitled","desktop + mobile required","select","3","Correct UI, authorization, persistence, telemetry, and downstream effect","Not browser-exercised","untested","Static JSX discovery only","src/app/(dashboard)/dashboard/reports/compare/page.tsx","Repository suite; no route-level browser evidence","BLK-001"
"/dashboard/reports/compare","Reports","authenticated/entitled","desktop + mobile required","button","1","Correct UI, authorization, persistence, telemetry, and downstream effect","Not browser-exercised","untested","Static JSX discovery only","src/app/(dashboard)/dashboard/reports/compare/page.tsx","Repository suite; no route-level browser evidence","BLK-001"
"/dashboard/reports/library","Reports","authenticated/entitled","desktop + mobile required","link","2","Correct UI, authorization, persistence, telemetry, and downstream effect","Not browser-exercised","untested","Static JSX discovery only","src/app/(dashboard)/dashboard/reports/library/page.tsx","Repository suite; no route-level browser evidence","BLK-001"
"/dashboard/reports/library","Reports","authenticated/entitled","desktop + mobile required","form","1","Correct UI, authorization, persistence, telemetry, and downstream effect","Not browser-exercised","untested","Static JSX discovery only","src/app/(dashboard)/dashboard/reports/library/page.tsx","Repository suite; no route-level browser evidence","BLK-001"
"/dashboard/reports/library","Reports","authenticated/entitled","desktop + mobile required","input","2","Correct UI, authorization, persistence, telemetry, and downstream effect","Not browser-exercised","untested","Static JSX discovery only","src/app/(dashboard)/dashboard/reports/library/page.tsx","Repository suite; no route-level browser evidence","BLK-001"
"/dashboard/reports/library","Reports","authenticated/entitled","desktop + mobile required","select","2","Correct UI, authorization, persistence, telemetry, and downstream effect","Not browser-exercised","untested","Static JSX discovery only","src/app/(dashboard)/dashboard/reports/library/page.tsx","Repository suite; no route-level browser evidence","BLK-001"
"/dashboard/reports/library","Reports","authenticated/entitled","desktop + mobile required","button","1","Correct UI, authorization, persistence, telemetry, and downstream effect","Not browser-exercised","untested","Static JSX discovery only","src/app/(dashboard)/dashboard/reports/library/page.tsx","Repository suite; no route-level browser evidence","BLK-001"
"/dashboard/reports/new/[definitionId]","Reports","authenticated/entitled","desktop + mobile required","link","1","Correct UI, authorization, persistence, telemetry, and downstream effect","Not browser-exercised","untested","Static JSX discovery only","src/app/(dashboard)/dashboard/reports/new/[definitionId]/page.tsx","Repository suite; no route-level browser evidence","BLK-001"
"/dashboard/reports/new/[definitionId]","Reports","authenticated/entitled","desktop + mobile required","form","1","Correct UI, authorization, persistence, telemetry, and downstream effect","Not browser-exercised","untested","Static JSX discovery only","src/app/(dashboard)/dashboard/reports/new/[definitionId]/page.tsx","Repository suite; no route-level browser evidence","BLK-001"
"/dashboard/reports/new/[definitionId]","Reports","authenticated/entitled","desktop + mobile required","input","7","Correct UI, authorization, persistence, telemetry, and downstream effect","Not browser-exercised","untested","Static JSX discovery only","src/app/(dashboard)/dashboard/reports/new/[definitionId]/page.tsx","Repository suite; no route-level browser evidence","BLK-001"
"/dashboard/reports/new/[definitionId]","Reports","authenticated/entitled","desktop + mobile required","select","2","Correct UI, authorization, persistence, telemetry, and downstream effect","Not browser-exercised","untested","Static JSX discovery only","src/app/(dashboard)/dashboard/reports/new/[definitionId]/page.tsx","Repository suite; no route-level browser evidence","BLK-001"
"/dashboard/reports/new/[definitionId]","Reports","authenticated/entitled","desktop + mobile required","textarea","1","Correct UI, authorization, persistence, telemetry, and downstream effect","Not browser-exercised","untested","Static JSX discovery only","src/app/(dashboard)/dashboard/reports/new/[definitionId]/page.tsx","Repository suite; no route-level browser evidence","BLK-001"
"/dashboard/reports/new/[definitionId]","Reports","authenticated/entitled","desktop + mobile required","button","1","Correct UI, authorization, persistence, telemetry, and downstream effect","Not browser-exercised","untested","Static JSX discovery only","src/app/(dashboard)/dashboard/reports/new/[definitionId]/page.tsx","Repository suite; no route-level browser evidence","BLK-001"
"/dashboard/settings","Customer dashboard","authenticated/entitled","desktop + mobile required","link","1","Correct UI, authorization, persistence, telemetry, and downstream effect","Not browser-exercised","untested","Static JSX discovery only","src/app/(dashboard)/dashboard/settings/page.tsx","Repository suite; no route-level browser evidence","BLK-001"
"/dashboard/settings","Customer dashboard","authenticated/entitled","desktop + mobile required","button","1","Correct UI, authorization, persistence, telemetry, and downstream effect","Not browser-exercised","untested","Static JSX discovery only","src/app/(dashboard)/dashboard/settings/page.tsx","Repository suite; no route-level browser evidence","BLK-001"
"/dashboard/setup/connect","Customer dashboard","authenticated/entitled","desktop + mobile required","link","1","Correct UI, authorization, persistence, telemetry, and downstream effect","Not browser-exercised","untested","Static JSX discovery only","src/app/(dashboard-setup)/dashboard/setup/connect/page.tsx","Repository suite; no route-level browser evidence","BLK-001"
"/dashboard/setup/import","Customer dashboard","authenticated/entitled","desktop + mobile required","link","2","Correct UI, authorization, persistence, telemetry, and downstream effect","Not browser-exercised","untested","Static JSX discovery only","src/app/(dashboard-setup)/dashboard/setup/import/page.tsx","Repository suite; no route-level browser evidence","BLK-001"
"/dashboard/setup/team","Customer dashboard","authenticated/entitled","desktop + mobile required","link","2","Correct UI, authorization, persistence, telemetry, and downstream effect","Not browser-exercised","untested","Static JSX discovery only","src/app/(dashboard-setup)/dashboard/setup/team/page.tsx","Repository suite; no route-level browser evidence","BLK-001"
"/dashboard/setup/workspace","Customer dashboard","authenticated/entitled","desktop + mobile required","link","2","Correct UI, authorization, persistence, telemetry, and downstream effect","Not browser-exercised","untested","Static JSX discovery only","src/app/(dashboard-setup)/dashboard/setup/workspace/page.tsx","Repository suite; no route-level browser evidence","BLK-001"
"/dashboard/workspace","Customer dashboard","authenticated/entitled","desktop + mobile required","link","1","Correct UI, authorization, persistence, telemetry, and downstream effect","Not browser-exercised","untested","Static JSX discovery only","src/app/(dashboard)/dashboard/workspace/page.tsx","Repository suite; no route-level browser evidence","BLK-001"
"/dashboard/workspace","Customer dashboard","authenticated/entitled","desktop + mobile required","form","1","Correct UI, authorization, persistence, telemetry, and downstream effect","Not browser-exercised","untested","Static JSX discovery only","src/app/(dashboard)/dashboard/workspace/page.tsx","Repository suite; no route-level browser evidence","BLK-001"
"/dashboard/workspace","Customer dashboard","authenticated/entitled","desktop + mobile required","button","1","Correct UI, authorization, persistence, telemetry, and downstream effect","Not browser-exercised","untested","Static JSX discovery only","src/app/(dashboard)/dashboard/workspace/page.tsx","Repository suite; no route-level browser evidence","BLK-001"
"/dashboard/workspace/health","Customer dashboard","authenticated/entitled","desktop + mobile required","link","2","Correct UI, authorization, persistence, telemetry, and downstream effect","Not browser-exercised","untested","Static JSX discovery only","src/app/(dashboard)/dashboard/workspace/health/page.tsx","Repository suite; no route-level browser evidence","BLK-001"
"/dashboard/workspace/notifications","Customer dashboard","authenticated/entitled","desktop + mobile required","link","1","Correct UI, authorization, persistence, telemetry, and downstream effect","Not browser-exercised","untested","Static JSX discovery only","src/app/(dashboard)/dashboard/workspace/notifications/page.tsx","Repository suite; no route-level browser evidence","BLK-001"
"/dashboard/workspace/notifications","Customer dashboard","authenticated/entitled","desktop + mobile required","form","1","Correct UI, authorization, persistence, telemetry, and downstream effect","Not browser-exercised","untested","Static JSX discovery only","src/app/(dashboard)/dashboard/workspace/notifications/page.tsx","Repository suite; no route-level browser evidence","BLK-001"
"/dashboard/workspace/notifications","Customer dashboard","authenticated/entitled","desktop + mobile required","input","3","Correct UI, authorization, persistence, telemetry, and downstream effect","Not browser-exercised","untested","Static JSX discovery only","src/app/(dashboard)/dashboard/workspace/notifications/page.tsx","Repository suite; no route-level browser evidence","BLK-001"
"/dashboard/workspace/notifications","Customer dashboard","authenticated/entitled","desktop + mobile required","button","1","Correct UI, authorization, persistence, telemetry, and downstream effect","Not browser-exercised","untested","Static JSX discovery only","src/app/(dashboard)/dashboard/workspace/notifications/page.tsx","Repository suite; no route-level browser evidence","BLK-001"
"/dashboard/workspace/organization","Customer dashboard","authenticated/entitled","desktop + mobile required","link","1","Correct UI, authorization, persistence, telemetry, and downstream effect","Not browser-exercised","untested","Static JSX discovery only","src/app/(dashboard)/dashboard/workspace/organization/page.tsx","Repository suite; no route-level browser evidence","BLK-001"
"/faq","Public marketing / portal","anonymous or route-specific","desktop + mobile required","link","5","Correct UI, authorization, persistence, telemetry, and downstream effect","Not browser-exercised","untested","Static JSX discovery only","src/app/(marketing)/faq/page.tsx","Repository suite; no route-level browser evidence","BLK-001"
"/furnishing","Furnishing Studio","anonymous or route-specific","desktop + mobile required","link","8","Correct UI, authorization, persistence, telemetry, and downstream effect","Not browser-exercised","untested","Static JSX discovery only","src/app/(marketing)/furnishing/page.tsx","Repository suite; no route-level browser evidence","BLK-001"
"/furnishing/examples","Furnishing Studio","anonymous or route-specific","desktop + mobile required","link","4","Correct UI, authorization, persistence, telemetry, and downstream effect","Not browser-exercised","untested","Static JSX discovery only","src/app/(marketing)/furnishing/examples/page.tsx","Repository suite; no route-level browser evidence","BLK-001"
"/furnishing/faq","Furnishing Studio","anonymous or route-specific","desktop + mobile required","link","2","Correct UI, authorization, persistence, telemetry, and downstream effect","Not browser-exercised","untested","Static JSX discovery only","src/app/(marketing)/furnishing/faq/page.tsx","Repository suite; no route-level browser evidence","BLK-001"
"/furnishing/find-my-fit","Furnishing Studio","anonymous or route-specific","desktop + mobile required","link","1","Correct UI, authorization, persistence, telemetry, and downstream effect","Not browser-exercised","untested","Static JSX discovery only","src/app/(marketing)/furnishing/find-my-fit/page.tsx","Repository suite; no route-level browser evidence","BLK-001"
"/furnishing/packages","Furnishing Studio","anonymous or route-specific","desktop + mobile required","link","3","Correct UI, authorization, persistence, telemetry, and downstream effect","Not browser-exercised","untested","Static JSX discovery only","src/app/(marketing)/furnishing/packages/page.tsx","Repository suite; no route-level browser evidence","BLK-001"
"/furnishing/packages/[slug]","Furnishing Studio","anonymous or route-specific","desktop + mobile required","link","4","Correct UI, authorization, persistence, telemetry, and downstream effect","Not browser-exercised","untested","Static JSX discovery only","src/app/(marketing)/furnishing/packages/[slug]/page.tsx","Repository suite; no route-level browser evidence","BLK-001"
"/furnishing/purchase/checkout","Furnishing Studio","anonymous or route-specific","desktop + mobile required","a","1","Correct UI, authorization, persistence, telemetry, and downstream effect","Not browser-exercised","untested","Static JSX discovery only","src/app/(commerce)/furnishing/purchase/checkout/page.tsx","Repository suite; no route-level browser evidence","BLK-001"
"/furnishing/purchase/checkout","Furnishing Studio","anonymous or route-specific","desktop + mobile required","form","1","Correct UI, authorization, persistence, telemetry, and downstream effect","Not browser-exercised","untested","Static JSX discovery only","src/app/(commerce)/furnishing/purchase/checkout/page.tsx","Repository suite; no route-level browser evidence","BLK-001"
"/furnishing/purchase/checkout","Furnishing Studio","anonymous or route-specific","desktop + mobile required","button","1","Correct UI, authorization, persistence, telemetry, and downstream effect","Not browser-exercised","untested","Static JSX discovery only","src/app/(commerce)/furnishing/purchase/checkout/page.tsx","Repository suite; no route-level browser evidence","BLK-001"
"/furnishing/purchase/configure","Furnishing Studio","anonymous or route-specific","desktop + mobile required","form","1","Correct UI, authorization, persistence, telemetry, and downstream effect","Not browser-exercised","untested","Static JSX discovery only","src/app/(commerce)/furnishing/purchase/configure/page.tsx","Repository suite; no route-level browser evidence","BLK-001"
"/furnishing/purchase/configure","Furnishing Studio","anonymous or route-specific","desktop + mobile required","input","6","Correct UI, authorization, persistence, telemetry, and downstream effect","Not browser-exercised","untested","Static JSX discovery only","src/app/(commerce)/furnishing/purchase/configure/page.tsx","Repository suite; no route-level browser evidence","BLK-001"
"/furnishing/purchase/configure","Furnishing Studio","anonymous or route-specific","desktop + mobile required","select","2","Correct UI, authorization, persistence, telemetry, and downstream effect","Not browser-exercised","untested","Static JSX discovery only","src/app/(commerce)/furnishing/purchase/configure/page.tsx","Repository suite; no route-level browser evidence","BLK-001"
"/furnishing/purchase/configure","Furnishing Studio","anonymous or route-specific","desktop + mobile required","button","1","Correct UI, authorization, persistence, telemetry, and downstream effect","Not browser-exercised","untested","Static JSX discovery only","src/app/(commerce)/furnishing/purchase/configure/page.tsx","Repository suite; no route-level browser evidence","BLK-001"
"/furnishing/purchase/confirmed","Furnishing Studio","anonymous or route-specific","desktop + mobile required","link","1","Correct UI, authorization, persistence, telemetry, and downstream effect","Not browser-exercised","untested","Static JSX discovery only","src/app/(commerce)/furnishing/purchase/confirmed/page.tsx","Repository suite; no route-level browser evidence","BLK-001"
"/furnishing/purchase/property","Furnishing Studio","anonymous or route-specific","desktop + mobile required","form","1","Correct UI, authorization, persistence, telemetry, and downstream effect","Not browser-exercised","untested","Static JSX discovery only","src/app/(commerce)/furnishing/purchase/property/page.tsx","Repository suite; no route-level browser evidence","BLK-001"
"/furnishing/purchase/property","Furnishing Studio","anonymous or route-specific","desktop + mobile required","input","4","Correct UI, authorization, persistence, telemetry, and downstream effect","Not browser-exercised","untested","Static JSX discovery only","src/app/(commerce)/furnishing/purchase/property/page.tsx","Repository suite; no route-level browser evidence","BLK-001"
"/furnishing/purchase/property","Furnishing Studio","anonymous or route-specific","desktop + mobile required","select","2","Correct UI, authorization, persistence, telemetry, and downstream effect","Not browser-exercised","untested","Static JSX discovery only","src/app/(commerce)/furnishing/purchase/property/page.tsx","Repository suite; no route-level browser evidence","BLK-001"
"/furnishing/purchase/property","Furnishing Studio","anonymous or route-specific","desktop + mobile required","button","1","Correct UI, authorization, persistence, telemetry, and downstream effect","Not browser-exercised","untested","Static JSX discovery only","src/app/(commerce)/furnishing/purchase/property/page.tsx","Repository suite; no route-level browser evidence","BLK-001"
"/furnishing/purchase/review","Furnishing Studio","anonymous or route-specific","desktop + mobile required","link","1","Correct UI, authorization, persistence, telemetry, and downstream effect","Not browser-exercised","untested","Static JSX discovery only","src/app/(commerce)/furnishing/purchase/review/page.tsx","Repository suite; no route-level browser evidence","BLK-001"
"/furnishing/rooms","Furnishing Studio","anonymous or route-specific","desktop + mobile required","link","3","Correct UI, authorization, persistence, telemetry, and downstream effect","Not browser-exercised","untested","Static JSX discovery only","src/app/(marketing)/furnishing/rooms/page.tsx","Repository suite; no route-level browser evidence","BLK-001"
"/guidebook-studio","Guidebook Studio","anonymous or route-specific","desktop + mobile required","link","4","Correct UI, authorization, persistence, telemetry, and downstream effect","Not browser-exercised","untested","Static JSX discovery only","src/app/(marketing)/guidebook-studio/page.tsx","Repository suite; no route-level browser evidence","BLK-001"
"/guidebook-studio/examples","Guidebook Studio","anonymous or route-specific","desktop + mobile required","link","4","Correct UI, authorization, persistence, telemetry, and downstream effect","Not browser-exercised","untested","Static JSX discovery only","src/app/(marketing)/guidebook-studio/examples/page.tsx","Repository suite; no route-level browser evidence","BLK-001"
"/guidebook-studio/faq","Guidebook Studio","anonymous or route-specific","desktop + mobile required","link","2","Correct UI, authorization, persistence, telemetry, and downstream effect","Not browser-exercised","untested","Static JSX discovery only","src/app/(marketing)/guidebook-studio/faq/page.tsx","Repository suite; no route-level browser evidence","BLK-001"
"/guidebook-studio/find-my-fit","Guidebook Studio","anonymous or route-specific","desktop + mobile required","link","2","Correct UI, authorization, persistence, telemetry, and downstream effect","Not browser-exercised","untested","Static JSX discovery only","src/app/(marketing)/guidebook-studio/find-my-fit/page.tsx","Repository suite; no route-level browser evidence","BLK-001"
"/guidebook-studio/packages","Guidebook Studio","anonymous or route-specific","desktop + mobile required","link","2","Correct UI, authorization, persistence, telemetry, and downstream effect","Not browser-exercised","untested","Static JSX discovery only","src/app/(marketing)/guidebook-studio/packages/page.tsx","Repository suite; no route-level browser evidence","BLK-001"
"/guidebook-studio/packages/[slug]","Guidebook Studio","anonymous or route-specific","desktop + mobile required","link","3","Correct UI, authorization, persistence, telemetry, and downstream effect","Not browser-exercised","untested","Static JSX discovery only","src/app/(marketing)/guidebook-studio/packages/[slug]/page.tsx","Repository suite; no route-level browser evidence","BLK-001"
"/guidebook-studio/purchase/checkout","Guidebook Studio","anonymous or route-specific","desktop + mobile required","form","1","Correct UI, authorization, persistence, telemetry, and downstream effect","Not browser-exercised","untested","Static JSX discovery only","src/app/(commerce)/guidebook-studio/purchase/checkout/page.tsx","Repository suite; no route-level browser evidence","BLK-001"
"/guidebook-studio/purchase/checkout","Guidebook Studio","anonymous or route-specific","desktop + mobile required","button","1","Correct UI, authorization, persistence, telemetry, and downstream effect","Not browser-exercised","untested","Static JSX discovery only","src/app/(commerce)/guidebook-studio/purchase/checkout/page.tsx","Repository suite; no route-level browser evidence","BLK-001"
"/guidebook-studio/purchase/configure","Guidebook Studio","anonymous or route-specific","desktop + mobile required","form","1","Correct UI, authorization, persistence, telemetry, and downstream effect","Not browser-exercised","untested","Static JSX discovery only","src/app/(commerce)/guidebook-studio/purchase/configure/page.tsx","Repository suite; no route-level browser evidence","BLK-001"
"/guidebook-studio/purchase/configure","Guidebook Studio","anonymous or route-specific","desktop + mobile required","input","5","Correct UI, authorization, persistence, telemetry, and downstream effect","Not browser-exercised","untested","Static JSX discovery only","src/app/(commerce)/guidebook-studio/purchase/configure/page.tsx","Repository suite; no route-level browser evidence","BLK-001"
"/guidebook-studio/purchase/configure","Guidebook Studio","anonymous or route-specific","desktop + mobile required","select","2","Correct UI, authorization, persistence, telemetry, and downstream effect","Not browser-exercised","untested","Static JSX discovery only","src/app/(commerce)/guidebook-studio/purchase/configure/page.tsx","Repository suite; no route-level browser evidence","BLK-001"
"/guidebook-studio/purchase/configure","Guidebook Studio","anonymous or route-specific","desktop + mobile required","button","1","Correct UI, authorization, persistence, telemetry, and downstream effect","Not browser-exercised","untested","Static JSX discovery only","src/app/(commerce)/guidebook-studio/purchase/configure/page.tsx","Repository suite; no route-level browser evidence","BLK-001"
"/guidebook-studio/purchase/confirmed","Guidebook Studio","anonymous or route-specific","desktop + mobile required","link","1","Correct UI, authorization, persistence, telemetry, and downstream effect","Not browser-exercised","untested","Static JSX discovery only","src/app/(commerce)/guidebook-studio/purchase/confirmed/page.tsx","Repository suite; no route-level browser evidence","BLK-001"
"/guidebook-studio/purchase/property","Guidebook Studio","anonymous or route-specific","desktop + mobile required","form","1","Correct UI, authorization, persistence, telemetry, and downstream effect","Not browser-exercised","untested","Static JSX discovery only","src/app/(commerce)/guidebook-studio/purchase/property/page.tsx","Repository suite; no route-level browser evidence","BLK-001"
"/guidebook-studio/purchase/property","Guidebook Studio","anonymous or route-specific","desktop + mobile required","input","6","Correct UI, authorization, persistence, telemetry, and downstream effect","Not browser-exercised","untested","Static JSX discovery only","src/app/(commerce)/guidebook-studio/purchase/property/page.tsx","Repository suite; no route-level browser evidence","BLK-001"
"/guidebook-studio/purchase/property","Guidebook Studio","anonymous or route-specific","desktop + mobile required","select","2","Correct UI, authorization, persistence, telemetry, and downstream effect","Not browser-exercised","untested","Static JSX discovery only","src/app/(commerce)/guidebook-studio/purchase/property/page.tsx","Repository suite; no route-level browser evidence","BLK-001"
"/guidebook-studio/purchase/property","Guidebook Studio","anonymous or route-specific","desktop + mobile required","button","1","Correct UI, authorization, persistence, telemetry, and downstream effect","Not browser-exercised","untested","Static JSX discovery only","src/app/(commerce)/guidebook-studio/purchase/property/page.tsx","Repository suite; no route-level browser evidence","BLK-001"
"/guidebook-studio/purchase/review","Guidebook Studio","anonymous or route-specific","desktop + mobile required","link","1","Correct UI, authorization, persistence, telemetry, and downstream effect","Not browser-exercised","untested","Static JSX discovery only","src/app/(commerce)/guidebook-studio/purchase/review/page.tsx","Repository suite; no route-level browser evidence","BLK-001"
"/guidebook-studio/templates","Guidebook Studio","anonymous or route-specific","desktop + mobile required","link","3","Correct UI, authorization, persistence, telemetry, and downstream effect","Not browser-exercised","untested","Static JSX discovery only","src/app/(marketing)/guidebook-studio/templates/page.tsx","Repository suite; no route-level browser evidence","BLK-001"
"/investment-intelligence","Investment Intelligence","anonymous or route-specific","desktop + mobile required","link","6","Correct UI, authorization, persistence, telemetry, and downstream effect","Not browser-exercised","untested","Static JSX discovery only","src/app/(marketing)/investment-intelligence/page.tsx","Repository suite; no route-level browser evidence","BLK-001"
"/investment-intelligence/faq","Investment Intelligence","anonymous or route-specific","desktop + mobile required","link","2","Correct UI, authorization, persistence, telemetry, and downstream effect","Not browser-exercised","untested","Static JSX discovery only","src/app/(marketing)/investment-intelligence/faq/page.tsx","Repository suite; no route-level browser evidence","BLK-001"
"/investment-intelligence/find-my-fit","Investment Intelligence","anonymous or route-specific","desktop + mobile required","link","1","Correct UI, authorization, persistence, telemetry, and downstream effect","Not browser-exercised","untested","Static JSX discovery only","src/app/(marketing)/investment-intelligence/find-my-fit/page.tsx","Repository suite; no route-level browser evidence","BLK-001"
"/investment-intelligence/methodology","Investment Intelligence","anonymous or route-specific","desktop + mobile required","link","3","Correct UI, authorization, persistence, telemetry, and downstream effect","Not browser-exercised","untested","Static JSX discovery only","src/app/(marketing)/investment-intelligence/methodology/page.tsx","Repository suite; no route-level browser evidence","BLK-001"
"/investment-intelligence/packages","Investment Intelligence","anonymous or route-specific","desktop + mobile required","link","3","Correct UI, authorization, persistence, telemetry, and downstream effect","Not browser-exercised","untested","Static JSX discovery only","src/app/(marketing)/investment-intelligence/packages/page.tsx","Repository suite; no route-level browser evidence","BLK-001"
"/investment-intelligence/packages/[slug]","Investment Intelligence","anonymous or route-specific","desktop + mobile required","link","4","Correct UI, authorization, persistence, telemetry, and downstream effect","Not browser-exercised","untested","Static JSX discovery only","src/app/(marketing)/investment-intelligence/packages/[slug]/page.tsx","Repository suite; no route-level browser evidence","BLK-001"
"/investment-intelligence/purchase/checkout","Investment Intelligence","anonymous or route-specific","desktop + mobile required","form","1","Correct UI, authorization, persistence, telemetry, and downstream effect","Not browser-exercised","untested","Static JSX discovery only","src/app/(commerce)/investment-intelligence/purchase/checkout/page.tsx","Repository suite; no route-level browser evidence","BLK-001"
"/investment-intelligence/purchase/checkout","Investment Intelligence","anonymous or route-specific","desktop + mobile required","button","1","Correct UI, authorization, persistence, telemetry, and downstream effect","Not browser-exercised","untested","Static JSX discovery only","src/app/(commerce)/investment-intelligence/purchase/checkout/page.tsx","Repository suite; no route-level browser evidence","BLK-001"
"/investment-intelligence/purchase/configure","Investment Intelligence","anonymous or route-specific","desktop + mobile required","form","1","Correct UI, authorization, persistence, telemetry, and downstream effect","Not browser-exercised","untested","Static JSX discovery only","src/app/(commerce)/investment-intelligence/purchase/configure/page.tsx","Repository suite; no route-level browser evidence","BLK-001"
"/investment-intelligence/purchase/configure","Investment Intelligence","anonymous or route-specific","desktop + mobile required","input","4","Correct UI, authorization, persistence, telemetry, and downstream effect","Not browser-exercised","untested","Static JSX discovery only","src/app/(commerce)/investment-intelligence/purchase/configure/page.tsx","Repository suite; no route-level browser evidence","BLK-001"
"/investment-intelligence/purchase/configure","Investment Intelligence","anonymous or route-specific","desktop + mobile required","select","2","Correct UI, authorization, persistence, telemetry, and downstream effect","Not browser-exercised","untested","Static JSX discovery only","src/app/(commerce)/investment-intelligence/purchase/configure/page.tsx","Repository suite; no route-level browser evidence","BLK-001"
"/investment-intelligence/purchase/configure","Investment Intelligence","anonymous or route-specific","desktop + mobile required","button","1","Correct UI, authorization, persistence, telemetry, and downstream effect","Not browser-exercised","untested","Static JSX discovery only","src/app/(commerce)/investment-intelligence/purchase/configure/page.tsx","Repository suite; no route-level browser evidence","BLK-001"
"/investment-intelligence/purchase/confirmed","Investment Intelligence","anonymous or route-specific","desktop + mobile required","link","1","Correct UI, authorization, persistence, telemetry, and downstream effect","Not browser-exercised","untested","Static JSX discovery only","src/app/(commerce)/investment-intelligence/purchase/confirmed/page.tsx","Repository suite; no route-level browser evidence","BLK-001"
"/investment-intelligence/purchase/review","Investment Intelligence","anonymous or route-specific","desktop + mobile required","link","1","Correct UI, authorization, persistence, telemetry, and downstream effect","Not browser-exercised","untested","Static JSX discovery only","src/app/(commerce)/investment-intelligence/purchase/review/page.tsx","Repository suite; no route-level browser evidence","BLK-001"
"/investment-intelligence/sample-reports","Investment Intelligence","anonymous or route-specific","desktop + mobile required","link","4","Correct UI, authorization, persistence, telemetry, and downstream effect","Not browser-exercised","untested","Static JSX discovery only","src/app/(marketing)/investment-intelligence/sample-reports/page.tsx","Repository suite; no route-level browser evidence","BLK-001"
"/lead-magnet","Public marketing / portal","anonymous or route-specific","desktop + mobile required","link","1","Correct UI, authorization, persistence, telemetry, and downstream effect","Not browser-exercised","untested","Static JSX discovery only","src/app/(marketing)/lead-magnet/page.tsx","Repository suite; no route-level browser evidence","BLK-001"
"/notary","Public marketing / portal","anonymous or route-specific","desktop + mobile required","link","2","Correct UI, authorization, persistence, telemetry, and downstream effect","Not browser-exercised","untested","Static JSX discovery only","src/app/(marketing)/notary/page.tsx","Repository suite; no route-level browser evidence","BLK-001"
"/owners","Public marketing / portal","anonymous or route-specific","desktop + mobile required","link","1","Correct UI, authorization, persistence, telemetry, and downstream effect","Not browser-exercised","untested","Static JSX discovery only","src/app/(marketing)/owners/page.tsx","Repository suite; no route-level browser evidence","BLK-001"
"/packages","Public marketing / portal","anonymous or route-specific","desktop + mobile required","form","1","Correct UI, authorization, persistence, telemetry, and downstream effect","Not browser-exercised","untested","Static JSX discovery only","src/app/(marketing)/packages/page.tsx","Repository suite; no route-level browser evidence","BLK-001"
"/packages","Public marketing / portal","anonymous or route-specific","desktop + mobile required","input","1","Correct UI, authorization, persistence, telemetry, and downstream effect","Not browser-exercised","untested","Static JSX discovery only","src/app/(marketing)/packages/page.tsx","Repository suite; no route-level browser evidence","BLK-001"
"/packages","Public marketing / portal","anonymous or route-specific","desktop + mobile required","select","1","Correct UI, authorization, persistence, telemetry, and downstream effect","Not browser-exercised","untested","Static JSX discovery only","src/app/(marketing)/packages/page.tsx","Repository suite; no route-level browser evidence","BLK-001"
"/packages","Public marketing / portal","anonymous or route-specific","desktop + mobile required","button","1","Correct UI, authorization, persistence, telemetry, and downstream effect","Not browser-exercised","untested","Static JSX discovery only","src/app/(marketing)/packages/page.tsx","Repository suite; no route-level browser evidence","BLK-001"
"/packages","Public marketing / portal","anonymous or route-specific","desktop + mobile required","link","2","Correct UI, authorization, persistence, telemetry, and downstream effect","Not browser-exercised","untested","Static JSX discovery only","src/app/(marketing)/packages/page.tsx","Repository suite; no route-level browser evidence","BLK-001"
"/performance","Public marketing / portal","anonymous or route-specific","desktop + mobile required","link","3","Correct UI, authorization, persistence, telemetry, and downstream effect","Not browser-exercised","untested","Static JSX discovery only","src/app/(marketing)/performance/page.tsx","Repository suite; no route-level browser evidence","BLK-001"
"/performance/overview","Public marketing / portal","anonymous or route-specific","desktop + mobile required","link","2","Correct UI, authorization, persistence, telemetry, and downstream effect","Not browser-exercised","untested","Static JSX discovery only","src/app/(marketing)/performance/overview/page.tsx","Repository suite; no route-level browser evidence","BLK-001"
"/performance/plans","Public marketing / portal","anonymous or route-specific","desktop + mobile required","link","2","Correct UI, authorization, persistence, telemetry, and downstream effect","Not browser-exercised","untested","Static JSX discovery only","src/app/(marketing)/performance/plans/page.tsx","Repository suite; no route-level browser evidence","BLK-001"
"/performance/plans/[planSlug]","Public marketing / portal","anonymous or route-specific","desktop + mobile required","link","4","Correct UI, authorization, persistence, telemetry, and downstream effect","Not browser-exercised","untested","Static JSX discovery only","src/app/(marketing)/performance/plans/[planSlug]/page.tsx","Repository suite; no route-level browser evidence","BLK-001"
"/privacy","Public marketing / portal","anonymous or route-specific","desktop + mobile required","link","1","Correct UI, authorization, persistence, telemetry, and downstream effect","Not browser-exercised","untested","Static JSX discovery only","src/app/(marketing)/privacy/page.tsx","Repository suite; no route-level browser evidence","BLK-001"
"/products","Public marketing / portal","anonymous or route-specific","desktop + mobile required","link","2","Correct UI, authorization, persistence, telemetry, and downstream effect","Not browser-exercised","untested","Static JSX discovery only","src/app/(public)/products/page.tsx","Repository suite; no route-level browser evidence","BLK-001"
"/properties","Public marketing / portal","anonymous or route-specific","desktop + mobile required","link","3","Correct UI, authorization, persistence, telemetry, and downstream effect","Not browser-exercised","untested","Static JSX discovery only","src/app/(portal)/properties/page.tsx","Repository suite; no route-level browser evidence","BLK-001"
"/reports/shared/[token]","Reports","anonymous or route-specific","desktop + mobile required","form","1","Correct UI, authorization, persistence, telemetry, and downstream effect","Not browser-exercised","untested","Static JSX discovery only","src/app/(public)/reports/shared/[token]/page.tsx","Repository suite; no route-level browser evidence","BLK-001"
"/reports/shared/[token]","Reports","anonymous or route-specific","desktop + mobile required","input","1","Correct UI, authorization, persistence, telemetry, and downstream effect","Not browser-exercised","untested","Static JSX discovery only","src/app/(public)/reports/shared/[token]/page.tsx","Repository suite; no route-level browser evidence","BLK-001"
"/reports/shared/[token]","Reports","anonymous or route-specific","desktop + mobile required","button","1","Correct UI, authorization, persistence, telemetry, and downstream effect","Not browser-exercised","untested","Static JSX discovery only","src/app/(public)/reports/shared/[token]/page.tsx","Repository suite; no route-level browser evidence","BLK-001"
"/resources","Public marketing / portal","anonymous or route-specific","desktop + mobile required","form","1","Correct UI, authorization, persistence, telemetry, and downstream effect","Not browser-exercised","untested","Static JSX discovery only","src/app/(marketing)/resources/page.tsx","Repository suite; no route-level browser evidence","BLK-001"
"/resources","Public marketing / portal","anonymous or route-specific","desktop + mobile required","input","1","Correct UI, authorization, persistence, telemetry, and downstream effect","Not browser-exercised","untested","Static JSX discovery only","src/app/(marketing)/resources/page.tsx","Repository suite; no route-level browser evidence","BLK-001"
"/resources","Public marketing / portal","anonymous or route-specific","desktop + mobile required","link","3","Correct UI, authorization, persistence, telemetry, and downstream effect","Not browser-exercised","untested","Static JSX discovery only","src/app/(marketing)/resources/page.tsx","Repository suite; no route-level browser evidence","BLK-001"
"/resources/insights/[slug]","Public marketing / portal","anonymous or route-specific","desktop + mobile required","link","2","Correct UI, authorization, persistence, telemetry, and downstream effect","Not browser-exercised","untested","Static JSX discovery only","src/app/(marketing)/resources/insights/[slug]/page.tsx","Repository suite; no route-level browser evidence","BLK-001"
"/solutions","Public marketing / portal","anonymous or route-specific","desktop + mobile required","link","1","Correct UI, authorization, persistence, telemetry, and downstream effect","Not browser-exercised","untested","Static JSX discovery only","src/app/(marketing)/solutions/page.tsx","Repository suite; no route-level browser evidence","BLK-001"
"/solutions/[solutionSlug]","Public marketing / portal","anonymous or route-specific","desktop + mobile required","link","2","Correct UI, authorization, persistence, telemetry, and downstream effect","Not browser-exercised","untested","Static JSX discovery only","src/app/(marketing)/solutions/[solutionSlug]/page.tsx","Repository suite; no route-level browser evidence","BLK-001"
"/stays","Public marketing / portal","anonymous or route-specific","desktop + mobile required","input","3","Correct UI, authorization, persistence, telemetry, and downstream effect","Not browser-exercised","untested","Static JSX discovery only","src/app/(marketing)/stays/page.tsx","Repository suite; no route-level browser evidence","BLK-001"
"/stays","Public marketing / portal","anonymous or route-specific","desktop + mobile required","a","2","Correct UI, authorization, persistence, telemetry, and downstream effect","Not browser-exercised","untested","Static JSX discovery only","src/app/(marketing)/stays/page.tsx","Repository suite; no route-level browser evidence","BLK-001"
"/stays/[slug]","Public marketing / portal","anonymous or route-specific","desktop + mobile required","a","2","Correct UI, authorization, persistence, telemetry, and downstream effect","Not browser-exercised","untested","Static JSX discovery only","src/app/(marketing)/stays/[slug]/page.tsx","Repository suite; no route-level browser evidence","BLK-001"
"/store/[slug]","Public marketing / portal","anonymous or route-specific","desktop + mobile required","link","2","Correct UI, authorization, persistence, telemetry, and downstream effect","Not browser-exercised","untested","Static JSX discovery only","src/app/(marketing)/store/[slug]/page.tsx","Repository suite; no route-level browser evidence","BLK-001"
"/store/[slug]","Public marketing / portal","anonymous or route-specific","desktop + mobile required","select","1","Correct UI, authorization, persistence, telemetry, and downstream effect","Not browser-exercised","untested","Static JSX discovery only","src/app/(marketing)/store/[slug]/page.tsx","Repository suite; no route-level browser evidence","BLK-001"
"/store/[slug]","Public marketing / portal","anonymous or route-specific","desktop + mobile required","button","1","Correct UI, authorization, persistence, telemetry, and downstream effect","Not browser-exercised","untested","Static JSX discovery only","src/app/(marketing)/store/[slug]/page.tsx","Repository suite; no route-level browser evidence","BLK-001"
"/terms","Public marketing / portal","anonymous or route-specific","desktop + mobile required","a","1","Correct UI, authorization, persistence, telemetry, and downstream effect","Not browser-exercised","untested","Static JSX discovery only","src/app/(marketing)/terms/page.tsx","Repository suite; no route-level browser evidence","BLK-001"
"/terms","Public marketing / portal","anonymous or route-specific","desktop + mobile required","link","1","Correct UI, authorization, persistence, telemetry, and downstream effect","Not browser-exercised","untested","Static JSX discovery only","src/app/(marketing)/terms/page.tsx","Repository suite; no route-level browser evidence","BLK-001"
